,순위,영화명,개봉일,매출액,관객수,스크린수,배급사,coach,actor_main_name,actor_sub_name,actor_cameo_name,maker,only_gener,genre_one,year
0,1,명량,2014.7.30,"135,748,398,910",17613682,"1,587",씨제이이엔엠,김한민,"['최민식', '류승룡', '조진웅']","['김명곤', '진구', '이정현', '권율', '노민우', '이승준', '오타니료헤이', '박보검', '김원해', '이해영', '장준녕', '김길동', '김강일', '강태영', '김민석', '박노식', '최덕문', '조복래', '문영동', '이주실', '주석태', '고경표', '김태훈', '한이진', '신유람', '정원준']",,['빅스톤픽쳐스']," 사극, 액션 ",사극,2014
1,2,극한직업,2019.1.23,"139,647,979,516",16264944,"1,978",씨제이이엔엠,이병헌,"['류승룡', '이하늬', '진선규', '이동휘', '공명']","['양현민', '장진희', '오정세', '이중옥', '송영규', '신하균', '김의성', '김종수', '허준석']","['김강현', '김지영', '신신애']","['어바웃잇', '영화사 해그림 주식회사', '씨제이이엔엠']", 코미디 ,코미디,2019
2,3,신과함께-죄와 벌,2017.12.20,"115,698,654,137",14410754,"1,912",롯데쇼핑㈜롯데엔터테인먼트,김용화,"['하정우', '차태현', '주지훈', '김향기']","['김동욱', '오달수', '임원희', '도경수', '이준혁', '예수정', '장광', '정해균', '김수안', '정지훈', '마동석']","['이정재', '김해숙', '이경영', '김하늘']","['리얼라이즈픽쳐스', '덱스터스튜디오']"," 판타지, 드라마 ",판타지,2017
3,4,국제시장,2014.12.17,"110,913,469,630",14257115,966,씨제이이엔엠,윤제균,"['황정민', '김윤진', '오달수', '정진영']","['장영남', '라미란', '김슬기', '정영기', '맹세창', '박재우', '김재철']","['정윤호', '박영수']","['제이케이필름', '씨제이이엔엠']", 드라마 ,드라마,2014
4,5,베테랑,2015.8.5,"105,168,155,250",13414009,"1,064",씨제이이엔엠,류승완,"['황정민', '유아인', '유해진', '오달수']","['장윤주', '김시후', '오대환', '정웅인', '정만식', '송영창', '진경', '유인영', '박소담', '이동휘', '배성우', '천호진']",['김응수'],"['외유내강', '필름케이']"," 액션, 드라마 ",액션,2015
5,6,서울의 봄,2023.11.22,"127,924,472,553",13127637,"2,328",플러스엠 엔터테인먼트,김성수,"['황정민', '정우성', '이성민', '박해준', '김성균']","['김의성', '정동환', '안내상', '유성주', '최병모', '박훈', '이재윤', '김성오', '남윤호', '홍서준', '안세호', '정형석', '박정학', '박원상', '박민이', '염동헌', '전진기', '차래형', '공재민', '권혁', '한창현', '송영근', '전수지', '서광재', '임철형', '현봉식', '곽자형', '전운종', '이승희', '김기무', '문성복', '김옥주', '박정표', '곽진석', '한규원', '우미화', '차건우', '최원경']","['정만식', '정해인', '이준혁']",['하이브미디어코프'], 드라마 ,드라마,2023
6,7,괴물,2006.7.27,0,13019740,167,쇼박스,봉준호,"['송강호', '변희봉', '박해일', '배두나', '고아성']","['오달수', '박노식', '고수희', '윤제문', '김뢰하', '이재응', '이왕우']",,['영화사청어람']," SF, 가족, 드라마 ",SF,2006
7,8,도둑들,2012.7.25,"93,665,568,500",12983330,"1,072",쇼박스,최동훈,"['김윤석', '김혜수', '이정재', '전지현', '임달화', '김해숙', '오달수', '김수현', '이심결', '증국상']","['최덕문', '최진호', '예수정']",,['케이퍼필름']," 액션, 범죄 ",액션,2012
8,9,7번방의 선물,2013.1.23,"91,431,914,670",12811206,787,넥스트엔터테인먼트월드(NEW),이환경,"['류승룡', '박신혜', '갈소원', '오달수', '박원상', '김정태', '정만식', '김기천']","['조덕현)', '조재윤', '박길수']",,"['화인웍스', '씨엘엔터테인먼트']"," 코미디, 드라마 ",코미디,2013
9,10,암살,2015.7.22,"98,463,132,781",12705700,"1,519",쇼박스,최동훈,"['전지현', '이정재', '하정우']","['오달수', '조진웅', '이경영', '최덕문', '김의성', '박병은', '김홍파', '진경', '김인우', '심희섭', '허지원', '허정도', '정인겸']","['조승우', '김해숙']",['케이퍼필름']," 액션, 드라마 ",액션,2015
10,11,범죄도시2,2022.5.18,"131,295,679,478",12693175,"2,498","주식회사 에이비오엔터테인먼트,플러스엠 엔터테인먼트",이상용,"['마동석', '손석구', '최귀화']","['박지환', '허동원', '하준', '정재광', '남문철', '박지영', '이주원', '음문석', '김찬형', '이규원', '전진오', '이다일', '김영성', '차우진']","['정인기', '윤병희']","['주식회사 빅펀치픽쳐스', '홍필름', '비에이엔터테인먼트']"," 범죄, 액션 ",범죄,2022
11,12,"광해, 왕이 된 남자",2012.9.13,"88,900,208,769",12319542,810,씨제이이엔엠,추창민,"['이병헌', '류승룡', '한효주', '장광', '김인권', '심은경', '김명곤']","['박지아', '이양희', '전국향']",,"['리얼라이즈픽쳐스', '씨제이이엔엠']"," 사극, 드라마 ",사극,2012
12,13,왕의 남자,2005.12.29,0,12302831,94,시네마서비스,이준익,"['감우성', '이준기', '유해진', '정진영']","['강성연', '이동수', '김주홍', '장항선', '정석용']",,"['씨네월드', '이글픽쳐스']", 드라마 ,드라마,2005
13,14,신과함께-인과 연,2018.8.1,"102,666,146,909",12274996,"2,235",롯데컬처웍스롯데엔터테인먼트,김용화,"['하정우', '주지훈', '김향기', '마동석', '김동욱']","['도경수', '이준혁', '정지훈', '김동욱', '조한철', '장광']",['이정재'],"['리얼라이즈픽쳐스', '덱스터스튜디오']"," 판타지, 드라마 ",판타지,2018
14,15,택시운전사,2017.8.2,"95,855,737,149",12186684,"1,906",쇼박스,장훈,"['송강호', '토마스크레취만)', '류준열']","['유해진', '박혁권', '최귀화', '이정은', '차순배', '이봉련', '류성현', '허정도']",,['더램프'], 드라마 ,드라마,2017
15,16,태극기 휘날리며,2004.2.5,0,11746135,110,"다자인소프트,쇼박스",강제규,"['장동건', '원빈', '이은주', '조원희', '이장욱', '임성택']","['공형진', '이영란', '정희준', '장민호']","['정호빈', '박동빈', '김해곤']",['강제규필름']," 전쟁, 드라마 ",전쟁,2004
16,17,부산행,2016.7.20,"93,178,283,048",11565479,"1,788",넥스트엔터테인먼트월드(NEW),연상호,"['공유', '정유미', '마동석', '김수안']","['최우식', '안소희', '김의성', '예수정', '박명신']",['허성우'],['영화사레드피터']," 액션, 스릴러 ",액션,2016
17,18,해운대,2009.7.22,"81,934,638,201",11453338,753,씨제이이엔엠,윤제균,"['설경구', '하지원', '박중훈', '엄정화']","['이민기', '강대규', '김원영', '김유빈', '신정원', '성유경', '박재홍', '나승현', '김재경', '장원준', '임동우', '김정곤', '정종원', '이지애', '최재섭', '장명갑', '지대한', '천보근', '강예원']",,['제이케이필름']," 액션, 드라마, 어드벤처 ",액션,2009
18,19,변호인,2013.12.18,"82,871,759,300",11374610,923,넥스트엔터테인먼트월드(NEW),양우석,"['송강호', '김영애', '오달수', '곽도원', '임시완']","['송영창', '정원중', '조민기', '이항나', '이성민', '차광수', '한기중', '심희섭', '김동현', '조완기', '차은재']","['류수영', '박수영']",['위더스필름'], 드라마 ,드라마,2013
19,20,실미도,2003.12.24,0,11081000,83,시네마서비스,강우석,"['설경구', '안성기', '허준호', '정재영', '임경호']","['임원희', '강성진', '강신일', '이도겸', '엄태웅', '김강우', '신성호', '박진수', '김봉식', '김진휘', '윤효석', '이경근', '조민준', '류제승']",,['시네마서비스'], 전쟁 ,전쟁,2003
20,21,파묘,2024.2.22,"105,793,676,208",10957317,"2,355",쇼박스,장재현,"['최민식', '김고은', '유해진', '이도현']","['김재철', '김민준', '김병오', '전진기', '박정자', '박지일', '이종구', '이영란', '정상철', '김지안', '김태준', '김서현', '송광자', '최문경']","['김선영', '이다윗']","['쇼박스', '엠씨엠씨']"," 미스터리, 공포(호러) ",미스터리,2024
21,22,범죄도시3,2023.5.31,"104,687,737,771",10682813,"2,582","주식회사 에이비오엔터테인먼트,플러스엠 엔터테인먼트",이상용,"['마동석', '이준혁', '아오키무네타카', '마동석', '김병탁']","['이범수', '김민재', '이지훈', '김도건', '고규필', '전석호', '안세호', '한규원', '최우준', '최동구', '이세호', '이태규', '배누리', '최광제', '심영은', '김기호', '고건한', '신현용', '강윤', '홍준영', '류성현', '유인혁']","['쿠니무라준', '박지환']","['주식회사 빅펀치픽쳐스', '홍필름', '비에이엔터테인먼트']"," 범죄, 액션 ",범죄,2023
22,23,기생충,2019.5.30,"87,459,829,095",10313086,"1,948",씨제이이엔엠,봉준호,"['송강호', '이선균', '조여정', '최우식', '박소담', '이정은', '장혜진', '박명훈']","['현승민', '정현준']",['박서준'],['바른손이앤에이'], 드라마 ,드라마,2019
23,24,검사외전,2016.2.3,"77,319,445,264",9707158,"1,812",쇼박스,이일형,"['황정민', '강동원']","['이성민', '박성웅', '김응수', '신소율', '주진모', '김원해', '김홍파', '김병옥', '박종환', '전배수', '박지환', '손종학', '김종수', '한재영', '박지환', '이석준', '이선주', '민무제']",,"['영화사 월광', '사나이픽처스']"," 범죄, 코미디 ",범죄,2016
24,25,엑시트,2019.7.31,"79,232,212,162",9426051,"1,660",씨제이이엔엠,이상근,"['조정석', '임윤아', '설도희', '최재영', '고두심', '김환영', '변건우', '황지현', '황효은']","['고두심', '박인환', '김지영', '강기영', '배유람', '유수빈', '정민성', '박성일', '신세휘', '김강훈', '김병순', '김종구', '강기영', '이봉련']","['배해선', '이동휘']","['외유내강', '필름케이']"," 코미디, 액션 ",코미디,2019
25,26,설국열차,2013.8.1,"67,010,077,500",9349991,"1,128",씨제이이엔엠,봉준호,"['크리스에반스', '송강호', '에드해리스', '존허트', '틸다스윈튼', '제이미벨', '옥타비아스펜서', '이완브렘너', '고아성', '알리슨필']",,,"['모호필름', '오퍼스픽쳐스']"," SF, 액션 ",SF,2013
26,27,관상,2013.9.11,"66,005,451,500",9134586,"1,190",쇼박스,한재림,"['송강호', '이정재', '백윤식', '조정석', '이종석', '김혜수']","['이도엽', '김의성']","['김강현', '김태우']","['주피터필름', '쇼박스']"," 사극, 드라마 ",사극,2013
27,28,해적: 바다로 간 산적,2014.8.6,"66,370,682,706",8666046,838,롯데쇼핑㈜롯데엔터테인먼트,이석훈,"['김남길', '손예진', '신정근']","['유해진', '이경영', '오달수', '김태우', '박철민', '김원해', '조달환', '조희봉', '정성화', '최진리', '이이경', '권성영', '김재학', '김한준', '안내상', '이대연']",,['하리마오픽쳐스'], 어드벤처 ,어드벤처,2014
28,29,수상한 그녀,2014.1.22,"62,696,639,249",8656397,692,씨제이이엔엠,황동혁,"['심은경', '나문희', '박인환', '성동일', '이진욱']","['김현숙', '황정민', '김슬기', '박형우', '진영', '김동희', '한지은', '정인기', '이상희', '하연주', '박혜진']","['김수현', '장광']","['예인플러스엔터테인먼트', '아이앤코스모스시네와이즈필름']", 드라마 ,드라마,2014
29,30,국가대표,2009.7.29,"60,896,633,308",8487894,580,쇼박스,김용화,"['하정우', '성동일', '김지석', '김동욱', '최재환', '이재응', '이은성', '심영']","['이한위', '이혜숙', '김지영', '쥬니', '황하나)']","['김용건', '김성주', '이금희', '박정수', '손범수']",['케이엠컬쳐']," 드라마, 액션, 코미디 ",드라마,2009
30,31,디워,2007.8.1,0,8426973,148,쇼박스,심형래,"['브룩스아만다', '베어제이슨']",,,['영구아트 -']," 액션, 판타지 ",액션,2007
31,32,백두산,2019.12.19,"69,825,366,300",8252669,"1,971","씨제이이엔엠,덱스터스튜디오",이해준,"['이병헌', '하정우', '마동석', '전혜진', '배수지']","['이상원', '옥자연', '한수현', '강신철', '이경영', '조한철', '최광일', '김시아', '임형국', '박주환', '남성준', '김민식', '박지홍', '서현우', '김준원', '남문철', '박성근']",['전도연'],"['주식회사 덱스터 픽쳐스', '퍼펙트스톰필름', '씨제이이엔엠']"," 어드벤처, 드라마 ",어드벤처,2019
32,33,과속스캔들,2008.12.3,"53,940,101,534",8245523,405,롯데쇼핑㈜롯데엔터테인먼트,강형철,"['차태현', '박보영', '왕석현']","['임지규', '황우슬혜', '정원중', '김기방']",,"['토일렛픽쳐스', '디씨지플러스']", 코미디 ,코미디,2008
33,34,웰컴 투 동막골,2005.8.4,0,8008622,114,쇼박스,박광현,"['신하균', '정재영', '강혜정', '리민']","['류덕환', '임하룡', '강남석', '손재영', '이다운', '서재경', '유승목', '심원철']",,"['필름있수다', '쇼박스']"," 전쟁, 드라마 ",전쟁,2005
34,35,공조,2017.1.18,"63,781,731,326",7817446,976,씨제이이엔엠,김성훈,"['현빈', '유해진', '김주혁', '장영남', '이해영', '임윤아', '이동휘']","['박형수', '공정환', '엄효섭', '신현빈']",,"['제이케이필름', '씨제이이엔엠', '영화사 이창', '에이치비엔터테인먼트']", 액션 ,액션,2017
35,36,히말라야,2015.12.16,"60,173,583,015",7759473,"1,009",씨제이이엔엠,이석훈,"['황정민', '정우']","['조성하', '김인권', '라미란', '김원해', '이해영', '전배수', '유선']","['정유미', '조달환']",['제이케이필름'], 드라마 ,드라마,2015
36,37,밀정,2016.9.7,"61,269,783,831",7500420,"1,444",워너브러더스 코리아,김지운,"['송강호', '공유']","['한지민', '츠루미신고', '엄태구', '신성록', '서영주', '정유안', '이수광', '고준', '최유화', '허성태', '김동영', '곽자형', '조영규']",['이병헌'],"['다크서클픽쳐스', '워너브러더스 코리아', '영화사하얼빈']", 액션 ,액션,2016
37,38,최종병기 활,2011.8.10,"55,827,861,500",7470633,615,롯데쇼핑㈜롯데엔터테인먼트,김한민,"['박해일', '류승룡', '김무열', '문채원']","['이한위', '김구택', '이경영', '박기웅', '이승준', '이재구', '박노식', '이다윗', '전민서', '오타니료헤이', '문영동']",['박명신'],"['디씨지플러스', '다세포클럽']"," 사극, 액션 ",사극,2011
38,39,써니,2011.5.4,"54,034,235,100",7362467,472,씨제이이엔엠,강형철,"['유호정', '심은경', '강소라', '고수희', '홍진희', '김민영', '김선경', '김보미', '이연경', '남보라', '민효린', '조민수']","['박진주', '박영서', '김예원', '천우희', '정원중', '김영옥', '김시후', '김혜옥']","['진희경', '정석용', '최명길', '이상아', '김보연', '박순천']","['알로하픽쳐스', '토일렛픽쳐스']"," 드라마, 코미디 ",드라마,2011
39,40,화려한 휴가,2007.7.25,0,7307993,116,씨제이이엔엠,김지훈,"['김상경', '안성기', '이요원', '이준기', '박철민']","['김하림', '김철기', '이정국', '손병호', '이얼', '엄효섭', '권태원']",,['기획시대'], 드라마 ,드라마,2007
40,41,한산: 용의 출현,2022.7.27,"73,700,628,377",7264934,"2,223",롯데컬처웍스롯데엔터테인먼트,김한민,"['박해일', '변요한', '안성기', '손현주', '김성규', '김성균', '김향기', '옥택연', '공명', '박지환', '조재윤', '김효주']","['윤제문', '박훈', '윤진영', '김강일', '박재민', '이서준', '김민재', '김재영', '김구택', '손경원', '안성봉', '이운산', '김영웅', '공정환', '배현성', '김대명', '정예훈', '김한민', '이준혁']","['김명곤', '문숙)']",['빅스톤픽쳐스']," 액션, 드라마 ",액션,2022
41,42,1987,2017.12.27,"58,165,581,145",7231638,"1,299",씨제이이엔엠,장준환,"['김윤석', '하정우', '유해진', '김태리', '이희준']","['박희순', '서현우', '박지환', '이화룡', '이창훈', '김수진', '박경혜', '현봉식', '김승훈', '김경덕']","['설경구', '여진구', '강동원', '문소리', '문성근', '정인기']",['우정필름'], 드라마 ,드라마,2017
42,43,베를린,2013.1.30,"52,354,931,637",7166199,894,씨제이이엔엠,류승완,"['하정우', '한석규', '류승범', '전지현']","['이경영', '최무성', '곽도원', '김서형', '백승익', '배정남']",,"['외유내강', '씨제이이엔엠']", 액션 ,액션,2013
43,44,마스터,2016.12.21,"58,067,927,865",7150541,"1,501",씨제이이엔엠,조의석,"['이병헌', '강동원', '김우빈']","['엄지원', '박해수', '오달수', '진경', '김정우', '우도환', '배정남', '조현철', '정원중', '주석태']",,['영화사 집']," 액션, 범죄 ",액션,2016
44,45,터널,2016.8.10,"57,529,484,417",7120508,"1,105",쇼박스,김성훈,"['하정우', '배두나', '오달수']","['김종수', '조현철']","['이동진', '배유람']","['어나더썬데이', '비에이엔터테인먼트']", 드라마 ,드라마,2016
45,46,내부자들,2015.11.19,"56,598,130,057",7072021,"1,075",쇼박스,우민호,"['이병헌', '조승우', '백윤식']","['이경영', '김홍파', '배성우', '조재윤', '김대명', '조우진', '이엘', '정만식', '김병옥', '김의성', '박진우', '남일우']",,['내부자들 문화전문회사']," 범죄, 드라마 ",범죄,2015
46,47,인천상륙작전,2016.7.27,"55,101,410,303",7049643,"1,049",씨제이이엔엠,이재한,"['이정재', '이범수', '리암니슨']","['진세연', '정준호', '박철민', '김병옥', '이창세', '박정원', '션리차드', '김희진', '진용욱', '성혁', '길금성']","['김선아', '김영애', '박성웅', '추성훈']",['태원엔터테인먼트']," 전쟁, 드라마 ",전쟁,2016
47,48,공조2: 인터내셔날,2022.9.7,"70,916,352,586",6982840,"2,389",씨제이이엔엠,이석훈,"['현빈', '유해진', '임윤아', '다니엘헤니', '진선규']","['장영남', '박훈', '임성재', '윤상화', '박민하', '전국환', '전배수', '이해영']","['김원해', '조달환']","['제이케이필름', '씨제이이엔엠']"," 액션, 코미디 ",액션,2022
48,49,럭키,2016.10.13,"56,444,461,256",6975290,"1,158",쇼박스,이계벽,"['유해진', '이준', '조윤희', '임지연']","['전혜빈', '이동휘', '고준', '차엽', '이성욱)', '정희태)', '김민상']",,['용필름'], 코미디 ,코미디,2016
49,50,은밀하게 위대하게,2013.6.5,"48,700,887,413",6959083,"1,341",쇼박스,장철수,"['김수현', '박기웅', '이현우', '손현주', '신정근']","['박혜숙', '김성균', '고창석', '장광', '홍경인', '이채영', '박은빈', '최우식', '이연경', '조영진']",['주현'],['엠씨엠씨']," 액션, 코미디, 드라마 ",액션,2013
50,51,곡성,2016.5.12,"55,863,520,382",6879908,"1,485",이십세기폭스코리아,나홍진,"['곽도원', '황정민', '쿠니무라준', '천우희', '김환희']","['허진', '장소연', '김도윤', '손강국', '전배수', '박성연']",,"['사이드미러', '이십세기폭스 인터내셔널 프로덕션 20']"," 미스터리, 스릴러, 드라마 ",미스터리,2016
51,52,범죄도시,2017.10.3,"56,318,014,149",6879841,"1,315","플러스엠 엔터테인먼트,키위미디어그룹",강윤성,"['마동석', '윤계상', '조재윤', '최귀화', '김성규']","['유지연', '진선규', '허동원', '박지환', '허성태', '홍기준', '하준']","['정인기', '윤주']","['홍필름', '비에이엔터테인먼트']"," 범죄, 액션 ",범죄,2017
52,53,타짜,2006.9.28,0,6847777,147,씨제이이엔엠,최동훈,"['조승우', '김혜수', '백윤식', '유해진', '이수경']","['김응수', '김상호', '김윤석', '주진모', '김정난', '조상건', '서동수', '백도빈', '김민경', '오정세', '장원영', '권태원']",,"['싸이더스', '영화사참']", 드라마 ,드라마,2006
53,54,"좋은 놈, 나쁜 놈, 이상한 놈",2008.7.17,"43,768,628,939",6686912,825,씨제이이엔엠,김지운,"['송강호', '이병헌', '정우성', '엄지원', '오일용']","['오달수', '김광일', '손병호', '이청아', '김선영', '성정훈', '송승현', '신상우', '조화성', '박광복', '송영창', '윤영우', '정성우', '양명헌', '윤제문', '류승수']",,"['다크서클픽쳐스', '바른손이앤에이']"," 서부극(웨스턴), 액션, 어드벤처 ",서부극(웨스턴),2008
54,55,늑대소년,2012.10.31,"46,593,107,500",6654837,706,씨제이이엔엠,조성희,"['송중기', '박보영']","['장영남', '유연석', '김향기', '장서이', '이영란', '유승목', '서동수', '남정희']",,['영화사비단길']," 멜로/로맨스, 드라마, 판타지 ",멜로/로맨스,2012
55,56,미녀는 괴로워,2006.12.14,0,6619498,93,쇼박스,김용화,"['김아중', '주진모']","['김현숙', '조아영', '이보라', '박노식', '이한위']","['이원종', '류승수', '김지석']","['리얼라이즈픽쳐스', '케이엠컬쳐']"," 멜로/로맨스, 코미디 ",멜로/로맨스,2006
56,57,군함도,2017.7.26,"50,510,565,168",6592151,"2,027",씨제이이엔엠,류승완,"['황정민', '소지섭', '송중기', '이정현', '김수안']","['이경영', '장성범', '백승철', '윤경호', '김인우']",['정만식'],"['외유내강', '필름케이']"," 액션, 드라마 ",액션,2017
57,58,아저씨,2010.8.4,"47,870,792,359",6282774,478,씨제이이엔엠,이정범,"['원빈', '김새론']","['김희원', '김성오', '김호연', '김효서', '조영아', '이상하', '남경읍', '송영창', '이종필', '김태훈']",,['오퍼스픽쳐스']," 액션, 드라마 ",액션,2010
58,59,사도,2015.9.16,"48,842,902,501",6246849,"1,210",쇼박스,이준익,"['송강호', '유아인', '문근영']","['전혜진', '김해숙', '박원상', '진지희', '박소담', '서예지', '김민규', '이대연', '최덕문', '정석용', '최민철', '조승연', '박명신']",,['타이거픽쳐스'], 사극 ,사극,2015
59,60,전우치,2009.12.23,"44,605,437,017",6136928,606,씨제이이엔엠,최동훈,"['강동원', '임수정', '김윤석', '유해진', '김시권', '주진모', '선우선']","['강동균', '정혜란', '손선영', '송진영', '김혜지', '신수현', '박용범', '박민규', '김조운', '박지희', '안성진', '노남석', '한연호', '김규연', '고준영', '박남희', '윤대원', '이석원', '이성두', '정영훈', '정우철', '박연수', '오준석', '정지인', '이우희', '이대로', '송영창', '김서현', '김상호', '이용녀', '공정환', '권태원', '김기천']","['염정아', '김효진']",['영화사 집']," 액션, 코미디, 판타지 ",액션,2009
60,61,투사부일체,2006.1.19,0,6105431,93,씨제이이엔엠,김동원,"['정준호', '정웅인', '김상중']","['박용식', '최윤영', '박은비', '나현주', '김동성', '고은영', '이배훈', '박기연', '김성근', '유인나', '이희석', '일호', '최선영', '박민애', '정다은', '최영미', '이송', '최영진', '김지헌', '이혁수', '이기열', '강성필', '한효주']","['임성민', '하동훈']",['시네마제니스'], 코미디 ,코미디,2006
61,62,연평해전,2015.6.24,"45,563,228,330",6043784,"1,013",넥스트엔터테인먼트월드(NEW),김학순,"['김무열', '진구', '이현우', '이완']","['이한종', '송재호', '박정학', '이철민', '장의수', '한이진', '천지유']","['이청아', '김희정']",['로제타시네마'], 드라마 ,드라마,2015
62,63,쉬리,1999.2.13,0,5820000,0,,강제규,"['한석규', '최민식', '송강호', '김윤진', '황정민', '김석주']","['윤주상', '박용우', '조덕현', '김수로', '손호균', '박은숙', '남명렬']",,['강제규필름']," 액션, 드라마, 멜로/로맨스, 미스터리 ",액션,1999
63,64,청년경찰,2017.8.9,"44,381,150,516",5653270,"1,102",롯데쇼핑㈜롯데엔터테인먼트,김주환,"['박서준', '강하늘', '성동일', '박하선']","['고준', '이호정']","['서정연', '정원중', '김강현', '최홍일']","['무비락', '도서관옆스튜디오', '베리굿스튜디오']", 액션 ,액션,2017
64,65,가문의 위기(가문의 영광2),2005.9.7,0,5635266,101,쇼박스,정용기,"['신현준', '김수미', '김원희', '정준하']","['최은주)', '임형준', '공형진', '탁재훈', '정호빈', '김해곤']",['김효진'],['태원엔터테인먼트'], 코미디 ,코미디,2005
65,66,숨바꼭질,2013.8.14,"39,602,987,500",5604104,779,넥스트엔터테인먼트월드(NEW),허정,"['손현주', '문정희', '전미선']","['김수안', '김원해', '노수산나', '정준원', '성유빈', '정민성']",,['드림캡쳐'], 스릴러 ,스릴러,2013
66,67,덕혜옹주,2016.8.3,"44,393,828,109",5599229,964,롯데쇼핑㈜롯데엔터테인먼트,허진호,"['손예진', '박해일']","['윤제문', '라미란', '정상훈', '박수영', '김소현', '박주미', '안내상', '김재욱', '금새록', '김승훈']","['김인우', '백윤식', '김대명', '고수', '김기천']","['하이브미디어코프', '영화사호필름', '디씨지플러스']"," 사극, 드라마 ",사극,2016
67,68,더 테러 라이브,2013.7.31,"39,866,712,881",5583596,743,롯데쇼핑㈜롯데엔터테인먼트,김병우,"['하정우', '이경영', '전혜진', '이다윗']","['김홍파', '김대명', '최진호', '김소진', '강진아', '강신철', '한성천']",,['씨네이천   2000']," 범죄, 기타 ",범죄,2013
68,69,감시자들,2013.7.3,"39,380,162,179",5508017,949,넥스트엔터테인먼트월드(NEW),조의석,"['설경구', '정우성', '한효주', '진경', '이준호']","['임달화', '손민석', '김대진', '이태형', '이동휘', '이화정', '김진곤', '김지훈', '신성일', '변요한', '정우근', '장원형', '박지연', '김병옥', '강신하']",,['영화사 집']," 범죄, 액션 ",범죄,2013
69,70,의형제,2010.2.4,"40,800,867,602",5507106,572,쇼박스,장훈,"['송강호', '강동원']","['전국환', '박혁권', '윤희석', '최정우', '정인기', '설진욱', '강명희', '차엽', '권범택']","['김광규', '고창석', '박수영']","['쇼박스', '다세포클럽', '루비콘픽쳐스']"," 드라마, 액션 ",드라마,2010
70,71,검은 사제들,2015.11.5,"42,407,832,092",5442553,"1,088",씨제이이엔엠,장재현,"['김윤석', '강동원']","['박소담', '김병옥', '김의성', '이호재', '남일우', '손종학', '조수향', '민진웅']",,['영화사 집']," 미스터리, 드라마 ",미스터리,2015
71,72,안시성,2018.9.19,"46,335,334,026",5440186,"1,540",넥스트엔터테인먼트월드(NEW),김광식,"['조인성', '남주혁', '박성웅', '김동진']","['배성우', '엄태구', '설현', '박병은', '오대환', '성동일', '정은채', '유오성', '정지훈', '김욱', '장광']",['스테파니리'],"['영화사수작', '스튜디오앤뉴', '모티브픽쳐스']"," 사극, 액션 ",사극,2018
72,73,더 킹,2017.1.18,"43,486,078,535",5316325,"1,310",넥스트엔터테인먼트월드(NEW),한재림,"['조인성', '정우성', '배성우', '류준열', '김의성', '이석호']","['김민재', '정성모', '정은채', '김소진', '황승언', '이주연', '박정민', '김규선', '남명렬', '오대환', '정원중', '정인기', '이열음']",['김아중'],['매그넘나인 9']," 범죄, 드라마 ",범죄,2017
73,74,완득이,2011.10.20,"38,530,503,500",5310510,500,씨제이이엔엠,이한,"['김윤석', '유아인']","['조병찬', '조세현', '강별', '박효주', '김영재', '김상호', '박수영', '김동영']","['조상건', '안길강']","['유비유필름', '어나더픽쳐스']", 드라마 ,드라마,2011
74,75,완벽한 타인,2018.10.31,"44,356,752,474",5294119,"1,313",롯데컬처웍스롯데엔터테인먼트,이재규,"['유해진', '조진웅', '이서진', '염정아', '김지수', '송하윤', '윤경호']",['지우'],"['정지훈', '최유화', '조달환']","['필름몬스터', '드라마하우스']"," 드라마, 코미디 ",드라마,2018
75,76,살인의 추억,2003.4.25,,5255376,54,씨제이이엔엠,봉준호,"['송강호', '김상경', '정인선']","['김뢰하', '한충환', '김효성', '이강산', '김민철', '최현기', '심성보', '김희진', '서민수', '김경래', '강진희', '이상욱', '윤박지', '박상우', '박소현', '김철용', '류태호', '박노식', '변희봉', '전미선']",,['싸이더스'], 스릴러 ,스릴러,2003
76,77,타워,2012.12.25,"37,654,858,000",5181014,617,씨제이이엔엠,김지훈,"['설경구', '손예진', '김상경', '차인표', '조민아']","['김인권', '도지한', '안성기', '이한위', '김성오', '송재호', '박철민', '권현상', '전배수', '이창용', '이주실', '김수진', '권태원', '전국향', '정인기']",['김응수'],"['씨제이이엔엠', '더타워픽쳐스']", 드라마 ,드라마,2012
77,78,말아톤,2005.1.27,0,5148022,73,쇼박스,정윤철,"['조승우', '김미숙']","['이기영', '백성현', '안내상']",,['시네라인투'], 드라마 ,드라마,2005
78,79,밀수,2023.7.26,"49,685,009,003",5143219,"1,932",넥스트엔터테인먼트월드(NEW),류승완,"['김혜수', '염정아', '조인성', '박정민', '김종수', '고민시']","['김재화', '박준면', '박경혜', '주보비', '곽진석', '정도원', '신민재', '김충길', '이정수', '안세호', '최종원', '김원해', '김경덕', '윤병희', '김기천', '윤종구', '신영옥', '홍성오', '김준식', '이상희', '신삼봉', '구본웅', '백주희', '전현숙', '이선희', '이진희', '신우희', '백승철', '윤대열', '이태형', '정재원', '장기하']","['진경', '윤경호']",['외유내강'], 액션 ,액션,2023
79,80,추격자,2008.2.14,"33,943,278,500",5071619,435,쇼박스,나홍진,"['김윤석', '하정우']","['서영희', '박효주', '김유정', '최정우', '정인기', '김영선']",,['영화사비단길']," 범죄, 스릴러, 액션 ",범죄,2008
80,81,독전,2018.5.22,"43,484,892,913",5063620,"1,357",넥스트엔터테인먼트월드(NEW),이해영,"['조진웅', '류준열', '김주혁', '김성령', '박해준', '차승원', '진서연']","['이주영', '서현우', '강승현', '정가람', '김동영', '금새록', '정준원']",,"['용필름', '보야저필름']"," 범죄, 액션 ",범죄,2018
81,82,공작,2018.8.8,"42,788,691,176",4974512,"1,317",씨제이이엔엠,윤종빈,"['황정민', '이성민', '조진웅', '주지훈']","['김지나', '김소진', '양현민', '정기섭', '김응수', '최병모', '정소리', '최정인', '곽자형', '권범택', '김인우', '엄지만']",,"['영화사 월광', '사나이픽처스']", 드라마 ,드라마,2018
82,83,동갑내기 과외하기,2003.2.7,,4937573,54,씨제이이엔엠,김경형,"['김하늘', '권상우', '공유', '김혜옥', '김자옥', '오승근', '이성진']","['김지우', '백일섭', '손영민', '송병철', '신지현', '박정률', '박종일', '박지선', '나수원', '김광열', '정광재', '채성진', '박효준', '서동원', '지길웅']",,['코리아 엔터테인먼트'], 코미디 ,코미디,2003
83,84,바람과 함께 사라지다,2012.8.8,"34,614,661,161",4909937,694,넥스트엔터테인먼트월드(NEW),김주호,"['차태현', '오지호', '민효린', '성동일', '고창석', '송종호', '이채영', '김길동', '김향기']","['신정근', '천보근']",,"['두타연', '에이디사공육 406']"," 코미디, 사극 ",코미디,2012
84,85,"님아, 그 강을 건너지 마오",2014.11.27,"37,355,277,679",4801527,206,"CGV아트하우스,대명문화공장",진모영,"['조병만', '강계열']",,,['아거스필름'], 다큐멘터리 ,다큐멘터리,2014
85,86,봉오동 전투,2019.8.7,"40,588,648,538",4787538,"1,476",쇼박스,원신연,"['유해진', '류준열', '조우진']","['키타무라카즈키', '이케우치히로유키', '박지환', '최유화', '성유빈', '이재인', '다이고코타로', '홍상표', '최유화', '원풍연']","['박희순', '최민식']","['빅스톤픽쳐스', '더블유픽처스 -', '쇼박스']"," 사극, 액션, 드라마 ",사극,2019
86,87,조선명탐정 : 각시투구꽃의 비밀,2011.1.27,"35,841,769,500",4786259,611,쇼박스,김석윤,"['김명민', '한지민', '오달수']","['김호연', '최무성', '우현', '이재용', '예수정', '정인기']",,['청년필름']," 코미디, 액션 ",코미디,2011
87,88,군도: 민란의 시대,2014.7.23,"36,987,755,999",4774895,"1,394",쇼박스,윤종빈,"['하정우', '강동원', '조진웅', '마동석', '정만식', '김성균', '주진모', '이경영']","['이성민', '윤지혜', '김재영', '노남석대역)', '송영창', '이경영', '김병옥', '임현성']","['한예리', '김해숙']","['영화사 월광', '쇼박스']"," 사극, 액션 ",사극,2014
88,89,남산의 부장들,2020.1.22,"41,223,596,650",4750104,"1,659",쇼박스,우민호,"['이병헌', '이성민', '곽도원', '이희준', '김소진']","['김승훈', '박성근', '서현우', '지현준', '박지일', '이태형', '주석태', '이도국', '김민상']",['김홍파'],['하이브미디어코프'], 드라마 ,드라마,2020
89,90,범죄와의 전쟁: 나쁜놈들 전성시대,2012.2.2,"36,538,823,500",4719872,699,쇼박스,윤종빈,"['최민식', '하정우']","['조진웅', '마동석', '곽도원', '김성균', '송영창', '김종수', '권태원', '김종구', '김영선']",['김응수'],"['팔레트픽처스', '쇼박스']"," 범죄, 드라마 ",범죄,2012
90,91,신세계,2013.2.21,"34,881,330,905",4682492,671,넥스트엔터테인먼트월드(NEW),박훈정,"['이정재', '최민식', '황정민']","['박성웅', '송지효', '정영기', '김홍파', '장광', '김윤성', '최일화', '권태원']",,"['사나이픽처스', '페퍼민트앤컴퍼니', '대명문화공장', '파트너스케이']"," 범죄, 액션 ",범죄,2013
91,92,도가니,2011.9.22,"35,566,854,800",4662822,644,씨제이이엔엠,황동혁,"['정유미', '공유']","['허재호', '임현성', '최진호', '이예나', '김현수', '장광', '전국환', '엄효섭', '남명렬', '이상희', '박혜진', '김민상']",,"['삼거리픽쳐스', '판타지오']", 드라마 ,드라마,2011
92,93,내 아내의 모든 것,2012.5.17,"34,222,160,500",4598583,563,넥스트엔터테인먼트월드(NEW),민규동,"['임수정', '이선균', '류승룡']","['박희본', '김지영', '남명렬', '김도영']",,"['수필름', '영화사 집']"," 코미디, 멜로/로맨스 ",코미디,2012
93,94,판도라,2016.12.7,"36,064,461,064",4583645,"1,166",넥스트엔터테인먼트월드(NEW),박정우,"['김남길', '김영애', '문정희', '정진영', '이경영', '강신일', '김대명', '유승목', '김주현', '김명민']","['박선희', '공정환', '주석태', '송철호', '김영웅', '김태훈']",,['씨에이씨엔터테인먼트']," 드라마, 스릴러 ",드라마,2016
94,95,나쁜 녀석들: 더 무비,2019.9.11,"39,560,195,124",4573902,"1,511",씨제이이엔엠,손용호,"['마동석', '김상중', '김아중', '장기용']","['박형수', '박상욱', '김인우', '지승현', '박효준', '이재윤', '박원상', '조영진', '한정현', '전익령', '김형묵', '윤병희', '강영묵']","['강예원', '김혜윤', '조동혁', '공정환']","['씨제이이엔엠', '영화사비단길']"," 범죄, 액션 ",범죄,2019
95,96,노량: 죽음의 바다,2023.12.20,"45,001,435,027",4572386,"2,196","롯데컬처웍스롯데엔터테인먼트,에이스메이커무비웍스",김한민,"['김윤석', '백윤식', '정재영', '허준호']","['김성규', '이규형', '이무생', '최덕문', '안보현', '박명훈', '박훈', '문정희', '정기섭', '유성주', '안성봉', '안세호', '이성욱', '오누리', '주석태', '최광제', '최정태', '김중희']","['안성기', '여진구', '이제훈', '박용우', '김민상', '공명', '남명렬', '남경읍', '배한성', '김재영']",['빅스톤픽쳐스']," 사극, 액션 ",사극,2023
96,97,연가시,2012.7.5,"32,175,400,664",4515833,759,씨제이이엔엠,박정우,"['김명민', '문정희', '김동완', '이하늬']","['강신일', '송영창', '조덕현', '최정우', '전국환', '정인기']",,['오죤필름']," 공포(호러), SF ",공포(호러),2012
97,98,강철비,2017.12.14,"35,489,576,466",4452740,"1,426",넥스트엔터테인먼트월드(NEW),양우석,"['정우성', '곽도원']","['김갑수', '김의성', '이경영', '조우진', '정원중', '김명곤', '박은혜', '김지호', '안미나', '원진아']",,"['와이웍스엔터테인먼트', '브이에이스튜디오']"," 액션, 드라마 ",액션,2017
98,99,다만 악에서 구하소서,2020.8.5,"38,602,260,990",4357803,"1,998",씨제이이엔엠,홍원찬,"['황정민', '이정재', '박정민']","['박소이', '최희서', '송영창', '이서환', '박명훈', '오대환', '심영은']",['최병모'],['하이브미디어코프']," 범죄, 액션 ",범죄,2020
99,100,헌트,2022.8.10,"44,600,858,153",4352390,"1,625",플러스엠 엔터테인먼트,이정재,"['이정재', '정우성', '전혜진', '허성태', '고윤정', '김종수', '정만식']","['임형국', '정경순', '정재성', '송영창', '강경헌', '임성재', '정성모', '손성호', '김학선', '오만석', '김문찬', '박건우', '이채은', '김윤도', '송덕호', '이서한', '장서경', '김찬형', '송철호', '김형범', '경성환', '윤정섭', '최우준', '정재현', '김효준', '차래형', '박중근', '홍성덕', '문정대', '이도국', '이한주', '고서희', '손경원', '이태형', '조진결', '고경만', '김호준', '김은우', '정종우', '박민이', '윤대열', '김완수', '김결', '김덕주', '민경옥', '김송일', '김동훈', '권은성', '박윤희']","['황정민', '이성민', '유재명', '박성웅', '조우진', '김남길', '주지훈']","['아티스트스튜디오', '사나이픽처스']"," 액션, 드라마 ",액션,2022
100,101,강철중: 공공의 적 1-1,2008.6.19,"28,465,757,767",4300670,659,"씨제이이엔엠,시네마서비스",강우석,"['설경구', '정재영', '김영필']","['강신일', '유해진', '탁트인', '이상현', '이재원', '조한영', '박창용', '박태훈', '김건호', '김재득', '임장현', '정원중']",,"['시네마서비스글로벌', '시네마서비스']"," 드라마, 액션 ",드라마,2008
101,102,아가씨,2016.6.1,"35,211,229,991",4287839,"1,171",씨제이이엔엠,박찬욱,"['김민희', '김태리', '하정우', '조진웅']","['김해숙', '문소리', '김인우', '이용녀']",,"['유한회사 아가씨에프에스', '모호필름', '용필름']"," 스릴러, 드라마 ",스릴러,2016
102,103,용의자,2013.12.24,"30,037,161,000",4131248,807,쇼박스,원신연,"['공유', '박희순', '조성하', '유다인', '김성균', '조재윤']","['김민재', '김의성', '송재림', '최종률', '남보라', '기주봉', '박지일']",['송재호)'],"['그린피쉬', '쇼박스']"," 액션, 스릴러 ",액션,2013
103,104,건축학개론,2012.3.22,"30,219,800,500",4110645,593,롯데쇼핑㈜롯데엔터테인먼트,이용주,"['엄태웅', '한가인', '이제훈', '배수지']","['고준희', '조정석', '신예진', '유연석', '조현철', '김의성', '이승호', '박수영']",,['명필름']," 멜로/로맨스, 드라마 ",멜로/로맨스,2012
104,105,태풍,2005.12.14,0,4094395,115,씨제이이엔엠,곽경택,"['이정재', '이미연', '장동건']","['김혜정', '김원진', '추현경', '허욱', '신성일', '김형찬', '홍의정', '김이호', '나수원', '박태호', '김경환', '김상용', '민성주', '민지환', '박광설', '유승권', '박병렬', '김철준', '이주헌', '박찬영', '데이비드맥기니스']",,['씨제이이엔엠']," 드라마, 액션 ",드라마,2005
105,106,7급 공무원,2009.4.22,"26,701,311,856",4088799,475,롯데쇼핑㈜롯데엔터테인먼트,신태라,"['김하늘', '강지환', '임성현']","['유승목', '강규영', '강신일', '장남열', '김형범', '장영남']",,"['하리마오픽쳐스', '영화사수작', '디씨지플러스']"," 코미디, 액션, 드라마, 범죄 ",코미디,2009
106,107,색즉시공,2002.12.11,0,4082797,41,쇼박스,윤제균,"['임창정', '하지원', '최성국', '유채영']","['정민', '이경원']","['박준규', '기주봉', '선우은숙']",['필름지'], 코미디 ,코미디,2002
107,108,댄싱퀸,2012.1.18,"30,129,259,500",4057546,534,씨제이이엔엠,이석훈,"['황정민', '엄정화']","['정성화', '오나라', '박정민', '박사랑', '안은정', '라미란', '이대연', '이한위', '최우리', '권병길', '서동원']",['조달환'],"['제이케이필름', '씨제이이엔엠']"," 코미디, 드라마 ",코미디,2012
108,109,우리 생애 최고의 순간,2008.1.10,"26,151,780,425",4044582,418,싸이더스,임순례,"['문소리', '김정은', '엄태웅', '김지영', '조은지', '강재원']","['이미도', '조영진', '이봉규', '정석용', '하정우', '정세형', '김종언', '김혜진', '강선희', '이수정', '최욱', '남궁은숙']",['성지루'],['엠케이픽처스'], 드라마 ,드라마,2008
109,110,꾼,2017.11.22,"31,313,568,795",4018341,"1,314",쇼박스,장창원,"['현빈', '유지태']","['배성우', '박성웅', '나나', '안세하', '최덕문', '허성태']",['차순배'],['영화사두둥'], 범죄 ,범죄,2017
110,111,타짜-신의 손,2014.9.3,"32,373,120,927",4015361,890,"롯데쇼핑㈜롯데엔터테인먼트,싸이더스",강형철,"['최승현', '신세경', '곽도원', '유해진', '김윤석', '이하늬', '김인권', '이경영', '고수희', '오정세']","['박효주', '이준혁', '이동휘', '김원해', '고준', '조경현', '박수영', '김민상']",['천우희'],['싸이더스'], 드라마 ,드라마,2014
111,112,공공의 적 2,2005.1.27,0,3911356,95,시네마서비스,강우석,"['설경구', '정준호', '유해진']","['강경덕', '박웅', '강신일', '홍지연', '전미애', '박태수', '남성훈', '한재준', '서영민', '박상욱', '최수경', '변희봉']",,['시네마서비스'], 드라마 ,드라마,2005
112,113,박수건달,2013.1.9,"28,379,548,569",3897969,599,쇼박스,조진규,"['박신양', '김정태', '엄지원', '정혜영']","['김성균', '최일화', '최지호', '김형범', '장원종']",,"['주식회사 제이앤피', '박수건달문화산업전문', '쇼박스']", 코미디 ,코미디,2013
113,114,한반도,2006.7.13,0,3880308,126,씨제이이엔엠,강우석,"['조재현', '안성기', '차인표', '문성근', '강신일', '이윤주']","['최종원', '최연식', '이승철', '백일섭', '이한위', '박길수', '최일화']",,['시네마서비스글로벌']," 드라마, 액션 ",드라마,2006
114,115,조선명탐정 : 사라진 놉의 딸,2015.2.11,"30,456,879,428",3872015,811,쇼박스,김석윤,"['김명민', '오달수', '이연희']","['조관우', '정원중', '최무성', '우현', '황정민']","['김원해', '박수영', '현우']",['청년필름']," 사극, 코미디, 어드벤처 ",사극,2015
115,116,역린,2014.4.30,"29,893,297,890",3849433,"1,054",롯데쇼핑㈜롯데엔터테인먼트,이재규,"['현빈', '정재영', '조정석', '한지민', '조재현', '박성웅', '김성령', '정은채']","['석현', '송영창', '김대명', '천보근', '서이숙', '성유빈', '전국향']",,"['굿초이스컷픽쳐스', '파파스필름']", 사극 ,사극,2014
116,117,콘크리트 유토피아,2023.8.9,"37,412,802,232",3849242,"1,731",롯데컬처웍스롯데엔터테인먼트,엄태화,"['이병헌', '박서준', '박보영']","['김선영', '김도윤', '박지후']","['김학선', '공민정', '엄태구', '정영기', '오희준', '김준배']","['클라이맥스 스튜디오', '비에이치 엔터테인먼트']"," 드라마, 기타 ",드라마,2023
117,118,남한산성,2017.10.3,"31,225,083,792",3849087,"1,229",씨제이이엔엠,황동혁,"['이병헌', '김윤석', '박해일', '고수', '박희순', '조우진']","['허성태', '곽자형', '박지일']",,['싸이런픽쳐스']," 사극, 드라마 ",사극,2017
118,119,반도,2020.7.15,"33,072,531,280",3812250,"2,575",넥스트엔터테인먼트월드(NEW),연상호,"['강동원', '이정현']","['권해효', '김민재', '구교환', '김도윤', '이레', '이예원']",,['영화사레드피터']," 액션, 드라마 ",액션,2020
119,120,암수살인,2018.10.3,"32,995,138,548",3789321,"1,177",쇼박스,김태균,"['김윤석', '주지훈', '문정희', '진선규', '이유준']","['김종수', '권회수', '허진', '배해선', '이봉련', '정기섭', '원현준', '정종준']",,"['필름295 295', '블러썸픽쳐스']"," 범죄, 드라마 ",범죄,2018
120,121,쌍화점,2008.12.30,"25,616,489,949",3779553,499,쇼박스,유하,"['조인성', '주진모', '송지효', '임주환', '여욱환']","['심지호', '송중기', '노민우', '조강현', '김태수', '최승희', '이승구', '권태원']","['조진웅', '임현성']",['오퍼스픽쳐스'], 드라마 ,드라마,2008
121,122,국가부도의 날,2018.11.28,"30,891,765,837",3754983,"1,180",씨제이이엔엠,최국희,"['김혜수', '유아인', '허준호', '조우진', '뱅상카셀']","['김기현', '염혜란', '조한철', '엄효섭', '장성범', '동하', '박진주', '전배수', '김민상']",,['영화사 집'], 드라마 ,드라마,2018
122,123,신기전,2008.9.4,"24,314,570,667",3726134,585,씨제이이엔엠,김유진,"['정재영', '한은정', '허준호']","['안성기', '김명수', '신정근', '조원희', '이광희', '박윤희', '조주현', '최만수', '박보람', '박성배', '이승근', '이연우', '김진규', '이기오', '주부진', '이정인', '김용재', '김서현']",['김명국'],['시네마서비스글로벌']," 사극, 드라마, 액션, 전쟁 ",사극,2008
123,124,82년생 김지영,2019.10.23,"30,305,744,310",3679019,"1,486",롯데컬처웍스롯데엔터테인먼트,김도영,"['정유미', '공유', '김국희']","['김미경', '공민정', '박성연', '이봉련', '김성철', '이얼', '김미경', '손성찬', '강애심', '김정영', '류아영']","['예수정', '염혜란', '예수정', '염혜란']",['봄바람영화사'], 드라마 ,드라마,2019
124,125,친절한 금자씨,2005.7.29,0,3650000,127,씨제이이엔엠,박찬욱,"['이영애', '최민식']","['권예영', '김시후', '남일우', '김병옥', '오달수', '이승신', '김부선', '라미란', '최정우', '송강호)', '김유정']",['이대연'],['모호필름'], 스릴러 ,스릴러,2005
125,126,모가디슈,2021.7.28,"34,558,297,730",3613984,"1,688",롯데컬처웍스롯데엔터테인먼트,류승완,"['김윤석', '조인성', '허준호', '구교환', '김소진', '정만식']","['김재화', '박경혜', '박명신', '한철우', '주보비', '안세호', '이진희', '최경훈', '이화정', '정병두', '이나연', '김동화', '장지후', '유연석']",['윤경호'],"['덱스터스튜디오', '외유내강', '필름케이']"," 액션, 드라마 ",액션,2021
126,127,귀향,2016.2.24,"27,248,705,990",3586929,876,와우픽쳐스,조정래,"['손숙)', '강하나', '최리', '임성철', '정무성', '류신']","['서미지', '정인기', '오지혜', '김시은', '이민영', '이수현', '이승현', '윤정로']",,['주식회사 제이오엔터테인먼트코리아'], 드라마 ,드라마,2016
127,128,신의 한 수,2014.7.3,"28,810,921,456",3566336,794,쇼박스,조범구,"['정우성', '안성기', '이범수', '김인권', '이시영', '안길강', '최진혁']","['강다혜', '유재상', '유순철', '김명수', '안서현', '이용녀', '김소진']","['권태원', '최일화']","['메이스엔터테인먼트', '아지트필름']"," 범죄, 액션 ",범죄,2014
128,129,스캔들-조선남녀상열지사,2003.10.2,,3522747,76,씨제이이엔엠,이재용,"['배용준', '전도연', '이미숙', '이소연', '이미지', '이영실']",['조현재'],,['영화사봄'], 사극 ,사극,2003
129,130,가문의 부활 - 가문의 영광3,2006.9.21,0,3464516,114,쇼박스,정용기,"['신현준', '김원희', '김수미', '탁재훈', '이승철']","['김도연', '김홍규', '임형준', '공형진', '정준하', '김용건', '김해곤', '신이']",['김응수'],['태원엔터테인먼트'], 코미디 ,코미디,2006
130,131,부러진 화살,2012.1.18,"25,936,754,000",3459780,453,넥스트엔터테인먼트월드(NEW),정지영,"['안성기', '박원상', '나영희', '김지호', '신종훈']","['김준배', '김응수']","['박길수', '한기중']",['아우라픽처스'], 드라마 ,드라마,2012
131,132,끝까지 간다,2014.5.29,"27,007,303,900",3450305,645,쇼박스,김성훈,"['이선균', '조진웅']","['신정근', '정만식', '신동미', '김동영', '박보검', '주석태', '허정은']","['김보경', '김강현', '김해곤']","['에이디사공육 406', '다세포클럽']"," 액션, 스릴러, 범죄 ",액션,2014
132,133,스파이,2013.9.5,"24,509,269,305",3435801,785,씨제이이엔엠,이승준,"['설경구', '문소리', '다니엘헤니', '고창석', '한예리', '오대환']","['라미란', '서승인', '이대수', '이성제', '최승현', '정인기']",,"['제이케이필름', '씨제이이엔엠']", 액션 ,액션,2013
133,134,그것만이 내 세상,2018.1.17,"27,444,525,382",3418043,862,씨제이이엔엠,최성현,"['이병헌', '윤여정', '박정민']","['김성령', '최리', '백현진', '김서원']",['한지민'],"['제이케이필름', '씨제이이엔엠']"," 코미디, 드라마 ",코미디,2018
134,135,이끼,2010.7.14,"25,856,306,126",3408144,736,씨제이이엔엠,강우석,"['정재영', '박해일', '유준상', '유선', '허준호', '유해진', '김상호', '김준배', '유준상']","['강신일', '이철민', '박정재', '최근현', '윤아름', '오순태', '김철현']",,"['시네마서비스', '렛츠필름 ’', '시네마서비스글로벌']"," 드라마, 스릴러 ",드라마,2010
135,136,돈,2019.3.20,"28,869,614,062",3389035,"1,431",쇼박스,박누리,"['류준열', '유지태', '조우진', '손종학', '신재민', '조우진']","['원진아', '정만식', '임세미', '김민재', '김재영', '김종수', '진선규']","['유재명', '남문철', '오대환']","['사나이픽처스', '영화사 월광']", 범죄 ,범죄,2019
136,137,포화속으로,2010.6.16,"24,217,600,897",3385706,736,롯데쇼핑㈜롯데엔터테인먼트,이재한,"['차승원', '권상우', '최승현', '김승우', '문재원']","['김혜성', '신현탁', '신경선', '추종범', '김윤성', '김한준', '윤승훈', '김호원']","['박진희', '데이비드맥기니스']","['태원엔터테인먼트', '유비유필름', '에이치 플러스']"," 드라마, 전쟁 ",드라마,2010
137,138,악인전,2019.5.15,"29,130,540,150",3364360,"1,307","에이스메이커무비웍스,키위미디어그룹",이원태,"['마동석', '김무열', '김성규', '강문봉']","['문동혁', '오희준', '유승목', '유승목', '최민철', '우강민', '우상전', '김윤성', '허동원']","['전배수', '김규리', '차순배', '류태호']",['비에이엔터테인먼트']," 범죄, 액션 ",범죄,2019
138,139,올빼미,2022.11.23,"32,860,420,124",3329547,"1,541",넥스트엔터테인먼트월드(NEW),안태진,"['류준열', '유해진', '최무성']","['조성하', '박명훈', '김성철', '안은진', '조윤서', '이주원', '김예은', '정석원']",,"['씨제스엔터테인먼트 -', '영화사 담담']", 스릴러 ,스릴러,2022
139,140,시동,2019.12.18,"28,098,934,360",3317038,"1,515",넥스트엔터테인먼트월드(NEW),최정열,"['마동석', '박정민', '정해인', '염정아', '최성은']","['김종수', '윤경호', '김경덕']","['고두심', '박해준']",['외유내강'], 드라마 ,드라마,2019
140,141,아이 캔 스피크,2017.9.21,"25,532,214,986",3280243,"1,140","롯데쇼핑㈜롯데엔터테인먼트,리틀빅픽쳐스",김현석,"['나문희', '이제훈']","['박철민', '염혜란', '성유빈', '김소진', '이상희', '정연주', '이지훈', '손숙', '이재인', '최수인']",['이대연'],"['주식회사 영화사 시선', '명필름']", 코미디 ,코미디,2017
141,142,영웅,2022.12.21,"32,293,415,750",3273771,"1,314",씨제이이엔엠,윤제균,"['정성화', '김고은', '나문희', '조재윤', '배정남', '이현우', '박진주']",,,"['제이케이필름', '씨제이이엔엠']"," 드라마, 뮤지컬 ",드라마,2022
142,143,올드보이,2003.11.21,0,3269000,45,"쇼이스트,씨제이이엔엠",박찬욱,"['최민식', '유지태', '강혜정']","['김병옥', '오달수', '이승신', '윤진서', '지대한', '오태경', '유연석']","['이대연', '오광록', '김수현', '용이', '박명신']","['에그필름', '쇼이스트']", 스릴러 ,스릴러,2003
143,144,마녀,2018.6.27,"27,242,029,463",3189091,"1,117",워너브러더스 코리아,박훈정,"['김다미', '조민수', '박희순', '최우식']","['김하나', '정다은', '김기훈', '최정우', '고민시', '오미희', '김병옥', '이주원']","['권태원', '이기영']","['영화사 금월', '페퍼민트앤컴퍼니']"," 미스터리, 액션 ",미스터리,2018
144,145,탐정: 리턴즈,2018.6.13,"26,909,459,678",3152872,"1,041",씨제이이엔엠,이언희,"['권상우', '성동일', '김수영', '김승필']","['이광수', '이일화', '남명렬', '손담비', '최성원', '박성일', '오희준', '서영희', '정연주', '김성규']","['김동욱', '김동욱']",['크리픽쳐스']," 코미디, 범죄 ",코미디,2018
145,146,어린 신부,2004.4.2,0,3149500,50,코리아픽쳐스,김호준,"['김래원', '김보경', '안선영', '문근영']","['진경', '김혜옥', '김인문', '한진희', '송기윤', '선우은숙', '신세경', '박진우', '류덕환']",['전원주'],['컬처캡미디어'], 코미디 ,코미디,2004
146,147,오! 브라더스,2003.9.4,0,3148748,51,쇼박스,김용화,"['이정재', '이범수', '류용진', '이원종']","['박유진', '김준희', '류승수']",,['케이엠컬쳐'], 코미디 ,코미디,2003
147,148,"장화, 홍련",2003.6.13,0,3146217,52,영화사청어람,김지운,"['임수정', '문근영', '염정아', '김갑수', '이영실']","['박미현', '우기홍', '이승비']",,"['마술피리', '영화사봄']", 공포(호러) ,공포(호러),2003
148,149,그놈 목소리,2007.2.1,0,3143247,110,씨제이이엔엠,박진표,"['설경구', '김남주', '강동원']","['김영철', '송영창', '고수희', '김광규', '전혜진', '임종윤', '김영필', '김호연', '양현우', '김기성', '송요셉']","['윤제문', '나문희', '최정윤']",['영화사 집']," 드라마, 스릴러 ",드라마,2007
149,150,우리들의 행복한 시간,2006.9.14,0,3132320,118,프라임엔터테인먼트,송해성,"['강동원', '이나영', '윤여정', '이재진']","['김지영', '최정우', '강신일', '김진희']",['김부선'],"['엘제이필름', '상상필름']", 드라마 ,드라마,2006
150,151,퀵,2011.7.20,"22,960,890,000",3125069,512,씨제이이엔엠,조범구,"['고창석', '강예원', '이민기', '김인권', '이건우']","['이새별', '김병철', '김재화', '오정세', '전국환', '유승목', '윤제문']",,"['제이케이필름', '씨제이이엔엠']"," 코미디, 액션 ",코미디,2011
151,152,감기,2013.8.14,"21,784,202,000",3119023,806,아이러브시네마,김성수,"['장혁', '수애', '박민하', '남문철']","['유해진', '이희준', '김기현', '이상엽', '박효주', '박정민', '최병모', '차인표', '박예슬']",['마동석'],"['아이러브시네마', '아이필름홀딩스', '씨제이이엔엠']"," 드라마, 어드벤처, 액션 ",드라마,2013
152,153,말죽거리 잔혹사,2004.1.16,0,3115767,67,씨제이이엔엠,유하,"['권상우', '이정진', '한가인']","['김인권', '박효준', '이종혁', '백봉기', '김동영', '강동수', '김대성', '이민구', '조주연', '민성주', '김성문', '최선중', '전진우', '김소라', '김수민', '정영민', '정진모', '우성', '김정열', '양종규', '이광재', '이진욱', '이혜선', '서동원']","['천호진', '김부선']","['싸이더스', '싸이더스픽쳐스']"," 액션, 멜로/로맨스 ",액션,2004
153,154,광복절 특사,2002.11.20,0,3101900,71,시네마서비스,김상진,"['차승원', '송윤아', '설경구']","['유해진', '김희준', '강신일', '전정훈', '최성은', '이용준', '이광연', '박정학', '강성진', '장태성', '김형일']",,['감독의집']," 드라마, 코미디 ",드라마,2002
154,155,마파도,2005.3.10,0,3090467,58,씨제이이엔엠,추창민,"['김수미', '여운계', '이정진', '이문식', '오달수']","['유해진', '서영희', '길해연']","['정은표', '김상호']",['코리아 엔터테인먼트'], 코미디 ,코미디,2005
155,156,하모니,2010.1.28,"21,992,266,198",3068544,405,씨제이이엔엠,강대규,"['김윤진', '나문희', '강예원', '이다희', '장영남', '박준면', '정수영', '임채연', '이선주']","['김호연', '정혜원', '신정원', '지성원', '박혜진']",,['제이케이필름'], 드라마 ,드라마,2010
156,157,거북이 달린다,2009.6.11,"20,857,347,292",3059812,379,쇼박스,이연우,"['김윤석', '정경호', '견미리', '선우선']","['최수현', '최권', '신정근', '이무생', '유하복', '차은재', '김희원']",,['씨네이천   2000']," 드라마, 액션, 범죄 ",드라마,2009
157,158,너는 내 운명,2005.9.23,0,3051134,92,씨제이이엔엠,박진표,"['전도연', '황정민', '나문희']","['서주희', '윤제문', '김상호', '이민아', '임종윤', '신수현', '정광재', '박명규', '정영헌', '김수연', '이경아', '이규복', '한지원', '고수희', '김광규', '김부선', '정유석']",,['영화사봄'], 멜로/로맨스 ,멜로/로맨스,2005
158,159,스물,2015.3.25,"23,558,988,686",3044134,926,넥스트엔터테인먼트월드(NEW),이병헌,"['김우빈', '이준호', '강하늘']","['오현경', '정소민', '이유비', '정주연']",,"['영화나무', '아이에이치큐']"," 코미디, 드라마 ",코미디,2015
159,160,식객,2007.11.1,0,3038868,88,씨제이이엔엠,전윤수,"['김강우', '이하나', '이태리', '임원희', '김성원', '정진']","['함영희', '김효석', '김명자', '김미수', '정진', '김현구', '이동근', '유재영', '이석은', '전민우', '박상인', '정주현', '이기석', '이기준', '양우진', '김종대', '정은표', '안길강', '김상호', '권병길', '정진', '이주실']",['허영만'],['쇼이스트'], 드라마 ,드라마,2007
160,161,방자전,2010.6.2,"22,853,629,794",3035116,512,씨제이이엔엠,김대우,"['김주혁', '류승범', '조여정', '박영미', '문원주']","['류현경', '오달수', '송새벽', '오정세', '공형진', '김성령', '최무성', '김선영', '조창현', '안정희', '박은혜', '조명행', '전세하', '김형석', '류현상', '송슬기', '박대희', '유은아', '정다혜', '윤주영', '최성일', '김탁호', '이진운', '양시은', '송지인']",,"['바른손이앤에이', '시오필름', '더타워픽쳐스']"," 사극, 코미디, 멜로/로맨스 ",사극,2010
161,162,마더,2009.5.28,"20,195,373,838",3013523,648,씨제이이엔엠,봉준호,"['김혜자', '원빈', '정영기']","['진구', '윤제문', '최재원', '전미선', '송새벽', '천우희', '이미도', '유인수', '박태준', '오원식', '이옥주', '김홍집', '윤혜진', '임성미', '임근아', '김태환', '한지희', '고규필']",,['바른손이앤에이'], 드라마 ,드라마,2009
162,163,오싹한 연애,2011.12.1,"22,010,977,000",3009356,469,씨제이이엔엠,황인호,"['손예진', '이민기', '신동훈']","['조아라', '이현진', '이미도', '황승언', '김현숙']",,['상상필름']," 공포(호러), 멜로/로맨스, 코미디 ",공포(호러),2011
163,164,형,2016.11.23,"23,129,111,893",2982022,993,씨제이이엔엠,권수경,"['조정석', '도경수', '박신혜']","['이연수', '김강현']",,"['굿초이스컷픽쳐스', '씨제이이엔엠', '파파스필름']"," 코미디, 드라마 ",코미디,2016
164,165,친구 2,2013.11.14,"21,804,687,513",2971475,968,롯데쇼핑㈜롯데엔터테인먼트,곽경택,"['유오성', '주진모', '김우빈']","['이준혁', '장영남', '이철민', '기주봉', '정호빈', '지승현', '황성준', '조민준', '장지건']",,"['트리니티엔터테인먼트', '제이콘컴퍼니']", 액션 ,액션,2013
165,166,26년,2012.11.29,"21,241,327,145",2963449,604,"인벤트스톤,영화사청어람",조근현,"['진구', '한혜진', '임슬옹', '배수빈', '이경영', '장광']","['이경영', '이미도', '조덕제', '김의성']",['천우희'],['영화사청어람']," 액션, 드라마 ",액션,2012
166,167,워낭소리,2009.1.15,"19,259,975,032",2962897,20,㈜인디스토리,이충렬,"['최원균', '이삼순', '김민자']",,,['스튜디오느림보'], 다큐멘터리 ,다큐멘터리,2009
167,168,고지전,2011.7.20,"21,968,557,600",2945137,585,쇼박스,장훈,"['신하균', '고수', '이제훈', '류승수', '고창석', '이다윗', '류승룡', '김옥빈', '조진웅', '정인기']","['강구현', '강내균', '조민호', '박영서', '최민', '최정우', '전국환', '김강일']",,['티피에스컴퍼니']," 드라마, 전쟁 ",드라마,2011
168,169,프리즌,2017.3.23,"23,790,276,987",2931897,"1,047",쇼박스,나현,"['한석규', '김래원']","['정웅인', '조재윤', '신성록', '곽민호', '이재균', '차엽', '김승훈', '전배수', '유정호', '한이진']",,['큐로홀딩스']," 범죄, 액션 ",범죄,2017
169,170,가장 보통의 연애,2019.10.2,"24,885,803,430",2924563,"1,073",넥스트엔터테인먼트월드(NEW),김한결,"['김래원', '공효진']","['강기영', '정웅인', '장소연', '이채은', '정혜린', '손우현', '박근록', '주민경', '지일주']","['윤경호', '손여은']",['영화사 집']," 멜로/로맨스, 코미디 ",멜로/로맨스,2019
170,171,헬로우 고스트,2010.12.22,"21,154,651,779",2897477,472,넥스트엔터테인먼트월드(NEW),김영탁,"['차태현', '강예원', '이문수', '고창석', '장영남', '천보근']","['이한위', '안길강']",,['워터앤트리']," 코미디, 드라마 ",코미디,2010
171,172,귀신이 산다,2004.9.17,0,2890000,70,시네마서비스,김상진,"['장서희', '차승원']","['김응수', '김서현', '장항선', '윤문식', '황석정']",['이도겸'],['시네마서비스']," 코미디, 공포(호러), 판타지 ",코미디,2004
172,173,말모이,2019.1.9,"23,987,145,520",2866020,"1,203",롯데컬처웍스롯데엔터테인먼트,엄유나,"['유해진', '윤계상', '차준서', '정원', '송지호', '유순웅']","['김홍파', '우현', '김선영', '민진웅', '이성욱', '조현철', '허성태', '김태훈', '조현도', '송영창', '송영창', '박예나']","['김동영', '예수정', '유재명']",['더램프'], 드라마 ,드라마,2019
173,174,극비수사,2015.6.18,"22,389,535,897",2860786,894,쇼박스,곽경택,"['김윤석', '유해진']","['송영창', '장영남', '정호빈', '이준혁', '이윤희', '남문철', '조민준']","['박효주', '이재용']","['제이콘컴퍼니', '영화사 신세계']"," 드라마, 범죄 ",드라마,2015
174,175,표적,2014.4.30,"22,256,359,300",2841788,665,씨제이이엔엠,창,"['류승룡', '유준상', '이진욱', '김성령', '조여정', '조은지', '김대명']","['김동준', '이현욱', '장준녕', '변상윤']",['진구'],"['바른손이앤에이', '용필름']"," 액션, 드라마 ",액션,2014
175,176,너의 결혼식,2018.8.22,"23,676,244,369",2820969,962,플러스엠 엔터테인먼트,이석근,"['박보영', '김영광']","['강기영', '장성범', '고규필', '서은수', '차엽', '안길강', '배해선', '전배수']","['김현숙', '하준']","['필름케이', '외유내강']", 멜로/로맨스 ,멜로/로맨스,2018
176,177,마녀(魔女) Part2. The Other One,2022.6.15,"28,922,488,670",2806501,"1,796",넥스트엔터테인먼트월드(NEW),박훈정,"['신시아', '박은빈', '서은수', '진구', '성유빈', '조민수']","['차순배', '저스틴하비', '변서윤', '채원빈', '서이라', '정라엘', '김기해', '장재영', '정예진']","['이종석', '김다미']","['영화사 금월', '스튜디오앤뉴', '페퍼민트앤컴퍼니']", 액션 ,액션,2022
177,178,황산벌,2003.10.17,,2771236,71,씨네월드,이준익,"['박중훈', '정진영', '김병철', '김선아', '이문식', '이준희']","['김윤태', '신정근', '류승수']","['이원종', '전원주']",['씨네월드'], 코미디 ,코미디,2003
178,179,부당거래,2010.10.28,"21,326,977,937",2766436,502,씨제이이엔엠,류승완,"['황정민', '류승범', '천호진']","['김승훈', '유해진', '마동석', '백승익', '이희준', '오정세', '김수현', '조영진', '정만식', '곽자형']",['안길강'],"['필름트레인', '외유내강']"," 범죄, 드라마 ",범죄,2010
179,180,1번가의 기적,2007.2.14,0,2750457,80,씨제이이엔엠,윤제균,"['하지원', '임창정', '정두홍']","['강예원', '주현']",,['두사부필름']," 드라마, 코미디 ",드라마,2007
180,181,시라노; 연애조작단,2010.9.16,"20,171,151,599",2731828,402,롯데쇼핑㈜롯데엔터테인먼트,김현석,"['엄태웅', '이민정', '최다니엘', '박신혜']","['박철민', '전아민', '송새벽', '류현경', '이미도', '이미소']","['김지영', '이대연', '권해효']",['명필름']," 멜로/로맨스, 코미디 ",멜로/로맨스,2010
181,182,내가 살인범이다,2012.11.8,"20,392,346,000",2729808,547,쇼박스,정병길,"['정재영', '박시후']","['최원영', '김영애', '배성우', '손종학', '장광', '조은지', '류제승', '김종구', '남정희', '김민상']",,"['다세포클럽', '쇼박스']"," 액션, 스릴러 ",액션,2012
182,183,소원,2013.10.2,"18,529,792,100",2711071,641,롯데쇼핑㈜롯데엔터테인먼트,이준익,"['설경구', '엄지원', '이레']","['김해숙', '김상호', '라미란', '양진성', '권태원']",,['필름모멘텀'], 드라마 ,드라마,2013
183,184,친구,2001.3.31,0,2678846,0,,곽경택,"['유오성', '장동건', '서태화', '정운택', '김보경', '김정태']","['기주봉', '김현숙', '조용원', '김기용']",['주현'],['시네라인투'], 드라마 ,드라마,2001
184,185,곤지암,2018.3.28,"21,442,114,144",2675559,"1,124",쇼박스,정범식,"['위하준', '박지현', '오아연', '문예원', '이승욱', '류제윤']",['박성훈'],['이주원)'],['하이브미디어코프']," 공포(호러), 스릴러 ",공포(호러),2018
185,186,살인자의 기억법,2017.9.6,"21,375,287,492",2658589,"1,064",쇼박스,원신연,"['설경구', '김남길', '설현', '오달수']","['김정영', '김혜윤', '최유송', '정인겸']",['이병준'],"['쇼박스', '더블유픽처스 -', '그린피쉬', '영화사 이창']"," 범죄, 스릴러 ",범죄,2017
186,187,후궁 : 제왕의 첩,2012.6.6,"19,330,302,500",2636320,624,롯데쇼핑㈜롯데엔터테인먼트,김대승,"['조여정', '김동욱', '김민준']","['조은지', '박지영', '이경영', '박철민', '신민철', '안석환', '오지혜', '박충선']",['이용녀'],['황기성 사단']," 사극, 멜로/로맨스 ",사극,2012
187,188,탐정 : 더 비기닝,2015.9.24,"20,463,956,973",2625686,764,씨제이이엔엠,김정훈,"['권상우', '성동일']","['박해준', '이승준', '조복래', '서영희', '최성원', '홍은택', '이해영', '지대한', '진용욱', '윤경호']","['박준면', '이일화']",['크리픽쳐스']," 코미디, 범죄 ",코미디,2015
188,189,지금 만나러 갑니다,2018.3.14,"20,800,916,128",2602273,"1,163",롯데쇼핑㈜롯데엔터테인먼트,이장훈,"['소지섭', '손예진', '김선웅']","['김지환', '고창석', '이유진', '김현수', '배유람', '이준혁', '서정연', '김경애']","['손여은', '박서준', '공효진']","['무비락', '도서관옆스튜디오', '푸른나무픽쳐스']", 멜로/로맨스 ,멜로/로맨스,2018
189,190,위험한 상견례,2011.3.31,"19,174,920,500",2595625,524,롯데쇼핑㈜롯데엔터테인먼트,김진영,"['송새벽', '이시영', '백윤식', '김수미', '박철민']","['강동호', '손대구', '임종혁', '정웅인', '박주희', '정성화', '박효주', '김정난', '김응수']",['이한위'],['전망좋은 영화사']," 코미디, 멜로/로맨스 ",코미디,2011
190,191,아수라,2016.9.28,"20,576,226,662",2594028,"1,278",씨제이이엔엠,김성수,"['정우성', '황정민', '주지훈']","['김현빈', '곽도원', '정만식', '김원해', '김종수', '김해곤', '윤지혜', '오연아', '윤제문', '김수진', '염동헌', '현봉식', '최병모', '박혁민']",,['사나이픽처스']," 범죄, 액션 ",범죄,2016
191,192,보안관,2017.5.3,"20,844,405,409",2588617,"1,091",롯데쇼핑㈜롯데엔터테인먼트,김형주,"['이성민', '조진웅', '김성균']","['김종수', '조우진', '임현성', '배정남', '이정은', '손여은', '김재영']",,"['영화사 월광', '사나이픽처스']"," 범죄, 코미디 ",범죄,2017
192,193,굿모닝 프레지던트,2009.10.22,"18,770,889,320",2583294,586,씨제이이엔엠,장진,"['장동건', '이순재', '고두심', '한채영', '임하룡']","['한동학군대변인)', '허정규', '송기관', '송영규', '박일', '최지나', '김현동', '서정민', '김광현', '유승희', '윤동현', '전유진)', '이은영', '김재호', '최은영', '김용숙', '장영남', '이철민', '김원해', '이해영']",['이한위'],['소란플레이먼트']," 코미디, 드라마 ",코미디,2009
193,194,음란서생,2006.2.23,0,2576022,84,씨제이이엔엠,김대우,"['한석규', '이범수', '김민정', '서명석']","['오달수', '김뢰하', '안내상', '김기현', '우현', '김병옥', '진경', '유지혜', '최명수']","['이순재', '오태경']",['영화사비단길']," 사극, 코미디 ",사극,2006
194,195,내 머리 속의 지우개,2004.11.5,0,2565078,68,씨제이이엔엠,이재한,"['정우성', '손예진']","['김부선', '김중기', '권병길']",,['싸이더스'], 멜로/로맨스 ,멜로/로맨스,2004
195,196,기술자들,2014.12.24,"19,894,297,783",2564340,641,롯데쇼핑㈜롯데엔터테인먼트,김홍선,"['김우빈', '김영철', '고창석', '이현우', '조윤희', '임주환']","['조달환', '지승현', '허준석']","['김사희', '최다니엘']",['트리니티엔터테인먼트']," 범죄, 액션 ",범죄,2014
196,197,증인,2019.2.13,"20,477,262,331",2534075,"1,047",롯데컬처웍스롯데엔터테인먼트,이한,"['정우성', '김향기', '정우성']","['이규형', '염혜란', '장영남', '정원중', '김종수', '박근형', '송윤아', '이준혁', '이레', '최종률', '서광재']",,"['무비락', '도서관옆스튜디오']", 드라마 ,드라마,2019
197,198,내 생애 가장 아름다운 일주일,2005.10.7,0,2533103,105,씨제이이엔엠,민규동,"['황정민', '엄정화', '김유정', '김윤석', '진태현', '임창정', '정경호', '최원석', '김수로', '이은희', '서영희', '우현', '주현']","['정혜영', '정경호', '조희봉', '이세영', '류승수']",,"['두사부필름', '수필름']", 멜로/로맨스 ,멜로/로맨스,2005
198,199,목격자,2018.8.15,"21,733,771,597",2524333,"1,021",넥스트엔터테인먼트월드(NEW),조규장,"['이성민', '김상호', '진경', '곽시양', '김수영']","['김상호', '황영희', '이민웅', '이상희', '정유민']",['박성근'],['에이디사공육 406'], 스릴러 ,스릴러,2018
199,200,조작된 도시,2017.2.9,"20,138,295,587",2514943,"1,019",씨제이이엔엠,박광현,"['지창욱', '심은경', '안재홍']","['오정세', '김상호', '김민교', '김기천', '이하늬', '김슬기', '권태원', '서이안', '배민정']",,"['티피에스컴퍼니', '영화사심플렉스', '컬쳐메이트']"," 범죄, 액션 ",범죄,2017
200,201,공동경비구역 JSA,2000.9.8,0,2513540,0,씨제이이엔엠,박찬욱,"['송강호', '이병헌', '이영애', '신하균', '김태우', '이종용']","['김광일', '이대연', '이한위', '기주봉', '원근희']",['김명수'],['명필름']," 드라마, 미스터리 ",드라마,2000
201,202,블랙머니,2019.11.13,"20,866,634,010",2479664,"1,117",에이스메이커무비웍스,정지영,"['조진웅', '이하늬']","['이경영', '강신일', '최덕문', '조한철', '허성태', '윤진영', '김강훈', '김동인', '김재록', '김종언', '김종태', '김진구', '김호연', '남명렬', '남문철', '백예현', '서현철', '성병숙', '송동환', '엄지만', '천성우', '이나라', '허성태', '임채선', '조한철', '장원진', '정민성', '권소현']","['고인배', '유태오', '이성민']","['유한회사 질라라비 -', '아우라픽처스']"," 범죄, 드라마 ",범죄,2019
202,203,우리 형,2004.10.8,0,2479585,77,씨제이이엔엠,안권태,"['원빈', '조성제', '신하균', '김해숙']","['김석', '김정태', '이보영', '정호빈']",,['진인사필름'], 드라마 ,드라마,2004
203,204,반창꼬,2012.12.19,"17,911,274,787",2475797,466,넥스트엔터테인먼트월드(NEW),정기훈,"['고수', '한효주']","['마동석', '김성오', '쥬니', '진서연', '홍지원)']",['조민기'],['영화사오름'], 멜로/로맨스 ,멜로/로맨스,2012
204,205,박수칠 때 떠나라,2005.8.11,0,2475291,78,시네마서비스,장진,"['차승원', '신하균', '김지수', '박정아', '조정진', '정영호']","['박은주', '인정주', '정규수', '임미연', '윤진호', '이태상', '이해영', '이형곤', '정동환', '장영남', '이한위', '황정민']",,['어나더썬데이']," 드라마, 코미디, 미스터리 ",드라마,2005
205,206,선생 김봉두,2003.3.28,0,2472135,60,시네마서비스,장규성,"['차승원', '김석', '김용선', '변희봉', '성지루']","['김미란', '김희윤', '이재응', '이봄']",,"['좋은영화', '좋은영화']", 코미디 ,코미디,2003
206,207,조선명탐정: 흡혈괴마의 비밀,2018.2.8,"19,822,724,764",2444123,"1,249",쇼박스,김석윤,"['김명민', '오달수', '김지원', '김범', '김태윤']","['김정화', '김건', '윤상훈']",['이민기'],['청년필름']," 사극, 어드벤처, 코미디 ",사극,2018
207,208,화차,2012.3.8,"18,459,203,000",2436400,548,필라멘트픽쳐스,변영주,"['이선균', '김민희', '조성하', '김별']","['차수연', '최덕문', '이희준', '박해준']",,['영화제작소보임'], 미스터리 ,미스터리,2012
208,209,이웃사람,2012.8.22,"18,087,442,369",2434099,600,롯데쇼핑㈜롯데엔터테인먼트,김휘,"['김윤진', '마동석', '천호진', '김성균', '김새론', '임하룡', '장영남', '도지한']","['차현우', '한성천', '김미경', '김기천', '이상희']",['정인기'],"['영화사 무쇠팔', '플로우식스 6', '자이온 이엔티', '누리픽쳐스', '히트박스', '미스터로맨스']", 스릴러 ,스릴러,2012
209,210,광식이 동생 광태,2005.11.23,0,2430200,83,엠케이픽처스,김현석,"['김주혁', '봉태규', '이요원', '김아중']","['정경호', '민도기', '김형민']","['이대연', '박철민']",['엠케이픽처스'], 코미디 ,코미디,2005
210,211,재심,2017.2.15,"19,264,792,637",2421011,935,"오퍼스픽쳐스(유),CGV아트하우스",김태윤,"['정우', '강하늘', '김해숙', '이동휘', '한재영', '이경영']","['박희정', '이정은', '김소진', '김하나', '최정헌', '민진웅', '김영재', '하성광']",,['이디오플랜'], 드라마 ,드라마,2017
211,212,히트맨,2020.1.22,"20,614,278,000",2406232,"1,122",롯데컬처웍스롯데엔터테인먼트,최원섭,"['권상우', '정준호', '황우슬혜', '이이경', '이지원']","['허성태', '김조운', '허동원', '이준혁', '이중옥']","['김풍', '황병국', '박두식']",['베리굿스튜디오']," 코미디, 액션 ",코미디,2020
212,213,사바하,2019.2.20,"20,007,508,194",2398519,"1,174",씨제이이엔엠,장재현,"['이정재', '박정민', '이재인', '유지태']","['정진영', '진선규', '이다윗', '황정민', '지승현', '이항나', '정동환', '오윤홍', '진선규', '차순배']",['김승현'],"['외유내강', '필름케이']"," 미스터리, 스릴러 ",미스터리,2019
213,214,화이: 괴물을 삼킨 아이,2013.10.9,"17,695,516,795",2394466,817,쇼박스,장준환,"['여진구', '김윤석', '조진웅', '장현성', '김성균', '박해준', '임지은', '남지현']","['유연석', '이준혁', '서영화', '김영민']",['박용우'],"['나우필름', '파인하우스필름', '쇼박스']"," 액션, 스릴러 ",액션,2013
214,215,의뢰인,2011.9.29,"17,797,042,500",2393086,522,쇼박스,손영성,"['박희순', '장혁', '하정우', '허재호']","['유다인', '손인용', '최종원', '유하준', '박혁권', '이창훈', '배성우', '정원중', '최희진', '예수정', '박성연', '박성근']",,['청년필름'], 스릴러 ,스릴러,2011
215,216,가문의 영광4 - 가문의 수난,2011.9.7,"17,792,219,500",2368267,537,넥스트엔터테인먼트월드(NEW),정태원,"['김수미', '신현준', '임형준', '정준하', '탁재훈', '현영']","['정웅인', '김지우', '정만식']",,['태원엔터테인먼트'], 코미디 ,코미디,2011
216,217,블라인드,2011.8.10,"18,387,176,500",2367272,404,넥스트엔터테인먼트월드(NEW),안상훈,"['김하늘', '유승호']","['조희봉', '양영조', '박보검']","['이한솔', '김사희']",['문와쳐'], 스릴러 ,스릴러,2011
217,218,박열,2017.6.28,"18,093,543,795",2359174,"1,176",플러스엠 엔터테인먼트,이준익,"['이제훈', '최희서', '김인우', '권율']","['민진웅', '이병훈', '김준한', '최정헌', '백수장', '정준원']",,['박열문화전문회사'], 드라마 ,드라마,2017
218,219,맨발의 기봉이,2006.4.26,0,2347311,71,쇼박스,권수경,"['신현준', '임하룡', '탁재훈']","['김수미', '김효진', '정구영', '강낙호', '조덕현', '지대한']",['권병길'],['태원엔터테인먼트']," 드라마, 코미디, 가족 ",드라마,2006
219,220,바람의 파이터,2004.8.12,0,2346446,41,영화사청어람,양윤호,['양동근'],"['히라야마아야', '정두홍']",,['아이비젼엔터테인먼트'], 액션 ,액션,2004
220,221,작업의 정석,2005.12.21,0,2342232,75,쇼박스,오기환,"['손예진', '송일국']","['김애경', '안선영', '박준규', '박준규', '우현']","['박용우', '금보라', '강두']",['영화사청어람'], 코미디 ,코미디,2005
221,222,첫사랑 사수 궐기 대회,2003.6.27,0,2339410,70,시네마서비스,오종록,"['차태현', '손예진', '김성민']","['강남규', '신선영', '박환수', '이상호', '박승진', '김연실', '성지루']",,['팝콘필름'], 코미디 ,코미디,2003
222,223,미인도,2008.11.13,"15,531,621,371",2325715,463,씨제이이엔엠,전윤수,"['김민선', '김영호', '김남길', '채송화', '김규리']","['추자현', '한명구', '이성훈', '박예슬', '박용', '김형수', '신주희', '황선환', '권정훈', '보리', '이상용', '윤석주', '권병길', '김승훈', '박지일']",,"['이룸영화사', '영화사참']"," 사극, 드라마, 멜로/로맨스 ",사극,2008
223,224,라스트 갓파더,2010.12.29,"16,832,542,997",2316099,547,씨제이이엔엠,심형래,"['심형래', '마이클리스폴리', '하비케이틀', '제이슨미웨스', '조셀린도나휴']",,,['영구아트 -'], 코미디 ,코미디,2010
224,225,주유소 습격사건,1999.10.2,0,2310000,0,시네마서비스,김상진,"['이성재', '유오성', '강성진', '유지태', '박영규']","['정준', '이요원', '김수로']",['차승원'],['좋은영화']," 코미디, 액션 ",코미디,1999
225,226,하녀,2010.5.13,"17,310,669,976",2304487,577,싸이더스,임상수,"['전도연', '이정재', '윤여정', '서우']","['박지영', '안서현', '황정민', '문소리']",,"['싸이더스', '미로비젼']"," 스릴러, 멜로/로맨스 ",스릴러,2010
226,227,"달콤, 살벌한 연인",2006.4.6,0,2286745,60,씨제이이엔엠,손재곤,"['박용우', '최강희', '이광우', '조은지']","['정경호', '박준오', '김권태', '유주희', '윤혜진', '선우선', '조영규']",,"['싸이더스', 'MBC씨앤아이']"," 스릴러, 멜로/로맨스 ",스릴러,2006
227,228,혈의 누,2005.5.4,0,2274995,98,시네마서비스,김대승,"['차승원', '박용우', '지성', '장석원']","['윤세아', '최종원', '박철민', '유해진', '박충선', '서상원', '임종윤', '정진오']","['천호진', '오현경']","['싸이더스', '좋은영화']", 스릴러 ,스릴러,2005
228,229,극락도 살인사건,2007.4.12,0,2259511,85,"엠케이픽처스 ,두엔터테인먼트",김한민,"['박해일', '박솔미', '성지루']","['김광수', '유혜정', '이대연', '김인문', '오정세', '김병춘', '박길수', '정만식']",,['두엔터테인먼트']," 공포(호러), 미스터리, 스릴러 ",공포(호러),2007
229,230,위대한 유산,2003.10.24,0,2251491,57,씨제이이엔엠,오상훈,"['김선아', '임창정', '최무인']","['송은정', '홍금봉', '신성아', '김대중', '신이']",,['씨제이이엔엠'], 코미디 ,코미디,2003
230,231,7광구,2011.8.4,"19,391,653,500",2242510,812,씨제이이엔엠,김지훈,"['하지원', '박철민', '이한위', '오지호', '송새벽', '안성기']","['차예련', '박정학', '박영수', '오민석']",,"['제이케이필름', '씨제이이엔엠']"," SF, 액션, 스릴러 ",SF,2011
231,232,박쥐,2009.4.30,"15,051,788,827",2237271,462,씨제이이엔엠,박찬욱,"['송강호', '김옥빈', '신하균']","['김해숙', '송영창', '오달수', '박인환']",,['모호필름']," 공포(호러), 드라마 ",공포(호러),2009
232,233,타짜: 원 아이드 잭,2019.9.11,"19,687,029,214",2229239,"1,429",롯데컬처웍스롯데엔터테인먼트,권오광,"['박정민', '류승범', '최유화']","['우현', '윤제문', '이광수', '임지연', '권해효']","['주진모', '최동훈']","['싸이더스', '엠씨엠씨', '비에이엔터테인먼트']"," 범죄, 드라마 ",범죄,2019
233,234,싱글즈,2003.7.11,,2203042,58,영화사청어람,권칠인,"['장진영', '엄정화', '김주혁', '이범수', '이상윤', '박수영']","['김광일', '이정옥', '한지혜', '강단비', '심규일', '안재우', '차상훈', '윤상오', '장석현', '김재아', '이세민', '이경열', '김정혁', '이유경', '김지아', '오지혜', '조희봉']",,['싸이더스'], 코미디 ,코미디,2003
234,235,마당을 나온 암탉,2011.7.28,"14,669,905,500",2201722,345,롯데쇼핑㈜롯데엔터테인먼트,오성윤,"['문소리', '박철민', '최민식', '유승호', '김상현']",['김한솔'],,"['오돌또기', '명필름']", 애니메이션 ,애니메이션,2011
235,236,내 여자친구를 소개합니다,2004.6.3,0,2199359,75,"씨제이이엔엠,아이러브시네마",곽재용,"['전지현', '장혁']","['김정태', '정호빈', '오정세', '김창완', '김광규', '최주현', '정한철', '안수라', '배재일', '권영빈', '백경찬', '한지빈', '원태운', '장원식', '윤선희', '임종식', '이호경', '송윤희', '김희영', '안호완', '박윤희', '박윤희']","['이기우', '우기홍']",['아이필름홀딩스']," 멜로/로맨스, 드라마 ",멜로/로맨스,2004
236,237,댄서의 순정,2005.4.28,0,2197555,68,쇼이스트,박영훈,"['박건형', '문근영']","['김지영', '임진승', '이정희', '이대연']",,['컬처캡미디어'], 드라마 ,드라마,2005
237,238,싱크홀,2021.8.11,"21,395,652,690",2195683,"1,603",쇼박스,김지훈,"['차승원', '김성균', '이광수', '권소현', '김혜준']","['김재화', '박옥출', '남다름', '정영숙', '이학주', '한태린', '김건우', '오자훈', '나철']","['장광', '김홍파', '고창석']",['더타워픽쳐스'], 코미디 ,코미디,2021
238,239,악의 연대기,2015.5.14,"17,361,815,332",2192525,776,씨제이이엔엠,백운학,"['손현주', '마동석', '최다니엘', '박서준']","['이명준', '정원중', '한성천']",['지대한'],['비에이엔터테인먼트'], 스릴러 ,스릴러,2015
239,240,강남 1970,2015.1.21,"17,717,971,499",2192172,841,쇼박스,유하,"['이민호', '김래원', '정진영']","['설현', '유승목', '한재영', '이연두', '정호빈', '최진호', '엄효섭', '최병모', '지대한', '전배수', '윤종화', '서우진', '오형근', '곽민호', '박혁민']",['김지수'],"['모베라픽처스', '쇼박스']"," 액션, 드라마 ",액션,2015
240,241,바르게 살자,2007.10.18,0,2190250,79,씨제이이엔엠,라희찬,"['정재영', '손병호', '주진모', '임지은']","['이재용', '김민진', '김규철)', '이새봄', '박성일', '박소라', '박영', '이찬', '조덕현', '이철민', '이한위', '이해영', '엄수정', '이영은', '손병욱']",,['필름있수다']," 코미디, 드라마 ",코미디,2007
241,242,늑대의 유혹,2004.7.22,0,2189453,40,쇼박스,김태균,"['강동원', '이청아', '조한선', '이명수']","['정혜영', '김현진', '정다혜', '김응수', '남정희']",['김보연'],['싸이더스'], 드라마 ,드라마,2004
242,243,황해,2010.12.22,"16,765,970,362",2167426,618,"쇼박스,이십세기폭스코리아",나홍진,"['김윤석', '하정우', '조성하']","['이철민', '이엘', '정만식', '정민성']",,['팝콘필름']," 스릴러, 액션, 범죄 ",스릴러,2010
243,244,30일,2023.10.3,"21,256,881,514",2165358,"1,226",마인드마크,남대중,"['강하늘', '정소민', '조민수', '김선영']","['황세인', '윤경호', '이상진', '원우', '송해나', '엄지윤', '임철형', '임진택', '김진만', '장지아', '서한결']","['전노민', '태인호', '강지영']",['영화사울림'], 코미디 ,코미디,2023
244,245,초능력자,2010.11.10,"15,618,440,958",2164805,622,넥스트엔터테인먼트월드(NEW),김민석,"['강동원', '고수', '김수남']","['정은채', '손지나', '최덕문']","['변희봉', '김광규', '김인권']",['영화사 집']," SF, 드라마 ",SF,2010
245,246,내 사랑 내 곁에,2009.9.24,"15,764,312,409",2160265,474,씨제이이엔엠,박진표,"['하지원', '김명민', '김여진']","['남능미', '임하룡)', '최종률', '신신애', '임종윤', '임형준', '임성민', '가인', '장원영', '김광규', '정의철', '김혜림', '임훈', '유지연', '신치영']","['강신일', '송영창', '설경구']",['영화사 집']," 드라마, 멜로/로맨스 ",드라마,2009
246,247,신의 한 수: 귀수편,2019.11.7,"18,463,776,050",2157437,"1,246",씨제이이엔엠,리건,"['권상우', '김희원', '김성균']","['허성태', '우도환', '원현준', '박상훈', '정인겸', '신수연', '스테파니리']","['유선', '이병준']","['메이스엔터테인먼트', '아지트필름']"," 범죄, 액션 ",범죄,2019
247,248,마이 웨이,2011.12.21,"15,994,803,000",2142622,645,"에스케이플래닛,씨제이이엔엠",강제규,"['장동건', '오다기리조', '판빙빙']","['강남현', '김희원', '오태경', '김시후', '김인우']",,['디렉터스']," 전쟁, 액션, 드라마 ",전쟁,2011
248,249,나의 사랑 나의 신부,2014.10.8,"16,636,404,305",2141155,629,씨네그루다우기술,임찬상,"['조정석', '신민아']","['윤정희', '김은비', '배성우', '라미란', '황정민', '서강준', '고규필', '손병욱']",['윤문식'],['필름모멘텀']," 멜로/로맨스, 코미디 ",멜로/로맨스,2014
249,250,범죄의 재구성,2004.4.15,0,2129358,50,쇼박스,최동훈,"['김윤석', '박신양', '주진모', '염정아', '이기철', '백윤식', '김상호', '이인성']","['이문식', '천호진', '박원상', '이경헌', '손지나', '조희봉', '손병욱']",,['싸이더스'], 스릴러 ,스릴러,2004
250,251,사랑,2007.9.19,0,2123815,78,롯데쇼핑㈜롯데엔터테인먼트,곽경택,"['주진모', '박시연', '김민준', '주현']","['김혜정', '최지은', '임성규', '임현성']",['김광규'],"['진인사필름', '태원엔터테인먼트']"," 멜로/로맨스, 액션 ",멜로/로맨스,2007
251,252,세븐 데이즈,2007.11.14,"38,146,000",2120741,297,프라임엔터테인먼트,원신연,"['김윤진', '김미숙', '박희순']","['최명수', '장항선', '양진우', '정동환', '이도겸', '조덕현', '서동수', '신현종', '길해연', '강나일', '권병길']","['오광록', '옥지영']",['영화사윤앤준']," 스릴러, 범죄 ",스릴러,2007
252,253,굿바이 싱글,2016.6.29,"16,912,706,195",2108273,841,쇼박스,김태곤,"['김혜수', '마동석', '김현수', '김용건']","['서현진', '곽시양', '전석호', '황미영', '이수경', '안재홍', '김고은']","['이미도', '이성민', '박지영)', '정원중']","['호두앤유 엔터테인먼트', '영화사람']"," 코미디, 드라마 ",코미디,2016
253,254,사생결단,2006.4.27,0,2104716,78,씨제이이엔엠,최호,"['류승범', '황정민']","['이수현', '김혜정', '추자현', '민도기', '신영주', '김훈희', '조원식', '박정률', '김의석', '임효우', '변미선', '김근형', '김성기', '김인식', '박병철', '장진호', '전성길', '이성만', '염지선', '양진철', '양정렬']",,['엠케이픽처스'], 액션 ,액션,2006
254,255,몽타주,2013.5.16,"15,002,458,500",2095592,540,넥스트엔터테인먼트월드(NEW),정근섭,"['엄정화', '김상경', '송영창']","['조희봉', '정해균', '유승목', '이준혁', '오대환', '기주봉']",,['미인픽쳐스'], 스릴러 ,스릴러,2013
255,256,색즉시공 시즌2,2007.12.12,"511,288,500",2088134,89,씨제이이엔엠,윤태윤,"['임창정', '송지효', '최성국', '신이', '김형일']","['정혜윤', '이상윤', '박영수']",,['미인픽쳐스'], 코미디 ,코미디,2007
256,257,명당,2018.9.19,"17,900,775,524",2087474,"1,117",플러스엠 엔터테인먼트,박희곤,"['조승우', '지성', '김성균', '백윤식', '문채원', '유재명', '박충선']","['이원근', '김민재', '강태오', '정재헌', '김규선', '김서현', '전신환', '조현식']","['허성태', '심희섭']",['주피터필름'], 사극 ,사극,2018
257,258,내부자들: 디 오리지널,2015.12.31,"16,973,885,275",2083999,838,쇼박스,우민호,"['이병헌', '조승우', '백윤식']","['이경영', '김홍파', '배성우', '조재윤', '김대명', '조우진', '이엘', '정만식', '김병옥', '박진우', '남일우', '김의성']",,['내부자들 문화전문회사']," 범죄, 드라마 ",범죄,2015
258,259,쩨쩨한 로맨스,2010.12.1,"15,901,620,661",2080574,463,롯데쇼핑㈜롯데엔터테인먼트,김정훈,"['이선균', '최강희', '류현경', '오정세']","['석정현', '조성환', '송유하', '박성일', '조은지']",['이원종'],['크리픽쳐스']," 코미디, 멜로/로맨스 ",코미디,2010
259,260,청춘만화,2006.3.23,0,2066354,86,쇼박스,이한,"['권상우', '김하늘', '이상우']","['강기화', '이영철', '이경진', '장미인애', '최종률']",,['팝콘필름']," 코미디, 멜로/로맨스 ",코미디,2006
260,261,눈에는 눈 이에는 이,2008.7.31,"13,414,023,500",2058764,445,롯데쇼핑㈜롯데엔터테인먼트,곽경택,"['한석규', '차승원']","['송영창', '김윤태', '이병준', '김혜정', '박영찬', '임성규', '김지석', '손병욱']",['김해숙'],['태원엔터테인먼트']," 범죄, 스릴러, 액션 ",범죄,2008
261,262,비상선언,2022.8.3,"20,926,361,328",2058762,"1,734",쇼박스,한재림,"['송강호', '이병헌', '전도연', '김남길', '임시완', '김소진', '박해준']","['우미화', '현봉식', '문숙', '설인아', '권한솔', '김보민', '김국희', '임형국', '이열음', '임성재']",,"['매그넘나인 9', '씨제스엔터테인먼트 -', '씨네주 유한회사']", 드라마 ,드라마,2022
262,263,뷰티 인사이드,2015.8.20,"16,155,795,131",2054297,648,넥스트엔터테인먼트월드(NEW),백,"['한효주', '김대명', '도지한', '배성우', '박신혜', '이범수', '박서준', '김상호', '천우희', '우에노주리', '이재준', '김민재', '이현우', '조달환', '이진욱', '홍다미', '서강준', '김희원', '이동욱', '고아성', '김주혁', '유연석']","['이동휘', '문숙', '이경영', '최용민', '이미도', '신동미', '김시은', '박근록', '박민수']",,['용필름']," 판타지, 멜로/로맨스 ",판타지,2015
263,264,봉이 김선달,2016.7.6,"16,227,052,642",2051277,942,씨제이이엔엠,박대민,"['유승호', '조재현', '고창석', '라미란', '시우민', '전석호']","['서예지', '권태원']","['연우진', '김정화']","['엠픽처스', '에스엔케이픽처스']", 사극 ,사극,2016
264,265,아라한 장풍대작전,2004.4.30,0,2050000,87,시네마서비스,류승완,"['류승범', '윤소이', '안성기', '이무룡']","['김지영', '정두홍', '윤주상']",['안길강'],['싸이더스']," 액션, 드라마 ",액션,2004
265,266,비열한 거리,2006.6.15,0,2047808,82,씨제이이엔엠,유하,"['조인성', '천호진', '이보영', '박세환', '임정우']","['남궁민', '진구', '윤제문', '선우은숙', '이종혁']",,['싸이더스']," 액션, 범죄, 드라마 ",액션,2006
266,267,천문: 하늘에 묻는다,2019.12.26,"16,502,543,020",2000490,"1,198",롯데컬처웍스롯데엔터테인먼트,허진호,"['최민식', '한석규']","['신구', '김홍파', '허준호', '김태우', '김원해', '임원희', '오광록', '박성훈', '전여빈', '김승훈', '윤제문', '민경진', '이동용', '김승태', '최재섭', '이서환', '류지훈', '김성강']",,['하이브미디어코프'], 사극 ,사극,2019
267,268,시실리 2km,2004.8.13,0,1987380,36,쇼박스,신정원,"['권오중', '김윤석', '임은경', '임창정', '주진모', '최원석']","['변희봉', '우현', '박명신', '최원영']",['신이'],['한맥영화'], 코미디 ,코미디,2004
268,269,육사오(6/45),2022.8.24,"19,791,166,880",1980769,"1,159","홈초이스,싸이더스",박규태,"['고경표', '이이경', '음문석', '박세완', '이순원', '곽동연', '김민호']","['류승수', '윤병희', '이준혁', '신원호', '남도윤', '서정우', '최민혁']","['정인기', '박희진', '이현걸', '오현수']","['티피에스컴퍼니', '싸이더스']", 코미디 ,코미디,2022
269,270,남자가 사랑할 때,2014.1.22,"14,510,222,300",1979311,531,넥스트엔터테인먼트월드(NEW),한동욱,"['황정민', '한혜진', '곽도원', '최우리']","['정만식', '손세빈', '김정수', '김병옥', '김홍파', '남일우', '남문철', '박지환', '강민아']",,"['사나이픽처스', '필름트레인']"," 멜로/로맨스, 드라마 ",멜로/로맨스,2014
270,271,효자동 이발사,2004.5.5,0,1972377,65,쇼박스,임찬상,"['문소리', '송강호', '이재응']","['주진모', '오달수', '노형욱', '류승수', '손병호', '조영진', '윤주상']",,['영화사청어람'], 드라마 ,드라마,2004
271,272,협상,2018.9.19,"17,032,133,166",1967721,919,씨제이이엔엠,이종석,"['현빈', '손예진']","['김상호', '장영남', '장광', '조영진', '이주영', '박수영', '이학주', '이시아', '최병모', '박성근', '정인겸', '김민상']",['이문식'],"['제이케이필름', '그리고픽처스', '씨제이이엔엠']", 범죄 ,범죄,2018
272,273,가족,2004.9.3,0,1932304,44,튜브엔터테인먼트,이정철,"['수애', '주현', '박지빈']","['박희순', '박상영', '정욱', '전국환']",,['튜브픽쳐스'], 드라마 ,드라마,2004
273,274,애자,2009.9.9,"13,785,879,439",1922634,262,시너지하우스 (시너지),정기훈,"['최강희', '김영애', '정혜선']","['소주영', '허서영', '장영남', '최일화']",,['시리우스픽쳐스']," 드라마, 코미디 ",드라마,2009
274,275,내안의 그놈,2019.1.9,"16,412,116,567",1916855,"1,041","메리크리스마스,TCO더콘텐츠온",강효진,"['박성웅', '진영', '라미란']","['이수민', '이준혁', '김광규', '민지아', '윤경호', '김현목', '권혁범', '이호수', '박경혜', '조현영', '이풍운']",['김홍파'],"['에코필름', '전망좋은 영화사']"," 판타지, 코미디 ",판타지,2019
275,276,천박사 퇴마 연구소: 설경의 비밀,2023.9.27,"18,635,492,555",1916429,"1,511",씨제이이엔엠,김성식,"['강동원', '허준호', '이솜', '이동휘', '김종수']","['박소이', '윤병희', '주보비', '박경혜', '이규호', '김원해']","['이정은', '박명훈', '지수']",['외유내강']," 판타지, 액션 ",판타지,2023
276,277,잠복근무,2005.3.17,0,1914941,64,쇼박스,박광춘,"['김원진', '공유', '김선아']","['하정우', '이범수', '남상미', '강경희', '홍수아', '김상호']",,"['마인엔터테인먼트', '시리우스픽쳐스']"," 코미디, 액션 ",코미디,2005
277,278,그림자 살인,2009.4.2,"12,805,808,556",1914779,387,씨제이이엔엠,박대민,"['황정민', '류덕환', '오달수', '엄지원', '박진우']","['송요셉', '홍서백', '홍의정', '홍의정', '김동길', '김경숙', '우승연', '최광락', '정상수', '김춘식', '최유리', '이경태', '김요섭', '이정홍', '오태경', '엄효섭', '윤제문', '김향기', '권태원', '김응수']",,['씨제이이엔엠']," 미스터리, 스릴러, 사극, 범죄 ",미스터리,2009
278,279,#살아있다,2020.6.24,"15,965,329,900",1903703,"1,882",롯데컬처웍스롯데엔터테인먼트,조일형,"['유아인', '박신혜']","['전배수', '김학선', '김현우', '김훈만', '박철민', '박철민', '소회정', '이현욱', '주보비']",,"['영화사 집', '퍼스펙티브픽쳐스']", 드라마 ,드라마,2020
279,280,헤어질 결심,2022.6.29,"19,678,744,478",1897784,"1,374",씨제이이엔엠,박찬욱,"['박해일', '탕웨이', '이정현']","['고경표', '김신영', '정영숙', '유승목', '서현우', '정이서', '이학주']","['박정민', '박용우', '유태오']",['모호필름']," 미스터리, 멜로/로맨스 ",미스터리,2022
280,281,오늘의 연애,2015.1.14,"14,924,654,487",1891993,709,씨제이이엔엠,박진표,"['이승기', '문채원']","['이서진', '이경진', '류화영']","['김광규', '김부선', '가인', '임종윤', '남능미', '김소연']",['팝콘에프앤엠']," 멜로/로맨스, 코미디 ",멜로/로맨스,2015
281,282,글러브,2011.1.20,"13,757,574,500",1888100,605,씨제이이엔엠,강우석,"['강신일', '유선', '정재영', '조진웅', '장기범차명재)', '이현우김진만)']","['김혜성장대근)', '김경호', '조찬형', '안창현', '김선우', '김동영']",,['시네마서비스'], 드라마 ,드라마,2011
282,283,라디오 스타,2006.9.28,0,1879501,72,시네마서비스,이준익,"['박중훈', '안성기', '신정근']","['김현아', '강광원', '함수연', '손덕배', '최정윤', '황현성', '노브레인', '정석용', '윤주상', '안미나']",['김장훈'],"['영화사아침', '씨네월드']", 드라마 ,드라마,2006
283,284,해결사,2010.9.9,"14,063,913,437",1873327,524,"넥스트엔터테인먼트월드(NEW),에스비에스콘텐츠허브",권혁재,"['설경구', '이정진', '오달수']","['주진모', '문정희', '송새벽', '김형주']",,['외유내강']," 액션, 스릴러 ",액션,2010
284,285,코리아,2012.5.3,"13,448,848,500",1872681,537,씨제이이엔엠,문현성,"['하지원', '배두나']","['한예리', '최윤영', '박철민', '김응수', '오정세', '이종석', '박영서', '박정학', '박지연', '김재화', '김원해', '이한위', '장리우', '이주실', '권태원', '이정민']",,"['더타워픽쳐스', '씨제이이엔엠', '웰메이드스타엠']", 드라마 ,드라마,2012
285,286,아이들...,2011.2.17,"13,579,712,500",1867849,504,롯데쇼핑㈜롯데엔터테인먼트,이규만,"['박용우', '류승룡', '성동일', '성지루', '김여진']","['박병은', '주진모', '조덕제', '서영화', '이의수', '손광익', '임태환', '최동훈', '정계순', '박미현', '이상희']","['전국환', '서주희', '라미란']","['누리픽쳐스', '롯데쇼핑롯데엔터테인먼트']"," 범죄, 스릴러 ",범죄,2011
286,287,연애의 온도,2013.3.21,"13,798,864,446",1865195,567,롯데쇼핑㈜롯데엔터테인먼트,노덕,"['이민기', '김민희']","['최무성', '라미란', '박병은', '하연수', '김강현']",,['뱅가드스튜디오']," 멜로/로맨스, 코미디 ",멜로/로맨스,2013
287,288,마약왕,2018.12.19,"16,222,446,942",1864076,"1,297",쇼박스,우민호,"['송강호', '조정석', '배두나']","['김소진', '김대명', '이희준', '조우진', '김준한', '이봉련', '유재명', '이중옥', '이서환']","['이성민', '김홍파']",['하이브미디어코프']," 범죄, 드라마 ",범죄,2018
288,289,구세주,2006.2.16,0,1858668,54,쇼이스트,김정우,"['최성국', '신이', '김수미']","['박준규', '이상현', '백일섭', '김광규']",['이원종'],['익영영화']," 코미디, 액션, 멜로/로맨스 ",코미디,2006
289,290,조폭마누라2-돌아온 전설,2003.9.5,,1858077,55,씨제이이엔엠,정흥순,"['신은경', '김영호', '장세진']","['박준규', '홍수아', '윤태현', '류시현', '서현정', '이단비', '주현']",['이원종'],['현진씨네마'], 액션 ,액션,2003
290,291,노무현입니다,2017.5.25,"14,554,935,612",1854867,775,"CGV아트하우스,영화사 풀",이창재,['노무현'],,,['영화사 풀'], 다큐멘터리 ,다큐멘터리,2017
291,292,집으로 가는 길,2013.12.11,"13,048,519,745",1854625,740,씨제이이엔엠,방은진,"['전도연', '고수']","['류태호', '조승연', '최민철', '허준석', '배성우', '이동휘', '오연아', '박지일']","['장광', '김해곤']","['씨제이이엔엠', '다세포클럽']", 드라마 ,드라마,2013
292,293,악마를 보았다,2010.8.12,"14,148,937,025",1848418,494,쇼박스,김지운,"['이병헌', '최민식']","['조승민', '김인서', '최무성', '천호진', '오산하', '전국환']",,"['페퍼민트앤컴퍼니', '씨즈엔터테인먼트']", 스릴러 ,스릴러,2010
293,294,바람피기 좋은 날,2007.2.8,0,1847875,95,시네마서비스,장문일,"['김혜수', '윤진서', '이종혁', '이민기']","['김도연', '황정민']",['정은표'],['아이필름홀딩스']," 드라마, 멜로/로맨스, 코미디 ",드라마,2007
294,295,나의 PS 파트너,2012.12.6,"13,896,872,616",1831725,552,씨제이이엔엠,변성현,"['지성', '김아중']","['신소율', '강경준', '김성오', '정수영', '문지윤', '김보미', '지은', '최은두', '박준기', '신해철']",['김보연'],['나의PS파트너 문화산업전문회사']," 멜로/로맨스, 코미디 ",멜로/로맨스,2012
295,296,뺑반,2019.1.30,"15,222,811,848",1826714,"1,285",쇼박스,한준희,"['공효진', '류준열', '조정석', '유연수']","['염정아', '전혜진', '손석구', '김기범', '이성욱', '박예영', '이성민']",['김고은'],"['오리진필름', '쇼박스']"," 범죄, 액션 ",범죄,2019
296,297,흡혈형사 나도열,2006.2.9,0,1824822,70,쇼박스,이시명,"['김수로', '조여정']","['김은경', '이동은', '윤신애', '백민정', '손병호']",['김인문'],"['영화사청어람', '에스엠필름 -']"," 코미디, 드라마 ",코미디,2006
297,298,변신,2019.8.21,"15,417,922,925",1804112,975,에이스메이커무비웍스,김홍선,"['배성우)', '성동일', '장영남)', '김혜준)', '조이현', '김강훈', '이장원']","['김귀선', '김세희']",['백윤식'],['다나크리에이티브']," 공포(호러), 스릴러 ",공포(호러),2019
298,299,차우,2009.7.15,"12,676,951,144",1799356,397,롯데쇼핑㈜롯데엔터테인먼트,신정원,"['엄태웅', '정유미', '윤제문', '권영국', '박혁권', '장항선']","['김기천', '강구현', '홍세인', '정윤민', '하성광', '이상희', '박혜진']",['최원영'],['영화사수작']," 액션, 어드벤처, 코미디 ",액션,2009
299,300,목포는 항구다,2004.2.20,0,1795700,32,코리아픽쳐스,김지훈,"['김윤태', '차인표', '조재현']","['송선미', '박원서', '이선규', '이예은', '손병호', '최덕문', '김일우', '정경호', '정상훈', '권혁호', '권태원', '정인기', '정희태']","['이한위', '기주봉']",['기획시대']," 드라마, 코미디 ",드라마,2004
300,301,강철비2: 정상회담,2020.7.29,"14,655,366,110",1790797,"2,137",롯데컬처웍스롯데엔터테인먼트,양우석,"['정우성', '유연석', '곽도원', '앵거스맥페이든']","['신정근', '류수영', '염정아', '김용림', '김명곤', '장광', '이재용', '안내상', '손종학', '하쿠류', '크리스틴달튼', '스콧로웰', '서동갑', '김승태', '정진각', '유성주', '김중희', '김중기', '신수연', '심희섭']",,['스튜디오게니우스우정']," 드라마, 액션 ",드라마,2020
301,302,아내가 결혼했다,2008.10.23,"11,995,855,000",1788748,414,씨제이이엔엠,정윤수,"['손예진', '김주혁']","['주상욱', '이주실', '천성훈', '김병춘']",['오정세'],['주피터필름']," 멜로/로맨스, 드라마 ",멜로/로맨스,2008
302,303,여고괴담 세번째 이야기: 여우계단,2003.8.1,0,1784479,44,시네마서비스,윤재연,"['송지효', '박한별', '박지연', '조안']","['홍수아', '홍지혜']",,['씨네이천   2000'], 공포(호러) ,공포(호러),2003
303,304,공범,2013.10.24,"12,333,110,882",1766285,611,씨제이이엔엠,국동석,"['손예진', '김갑수', '임형준']","['이규한', '조안', '유원선', '이선아', '장루비', '최단비', '함채영', '김광규', '박사랑']","['강신일', '임종윤']",['선샤인필름']," 스릴러, 드라마 ",스릴러,2013
304,305,대호,2015.12.16,"13,489,904,632",1762742,892,넥스트엔터테인먼트월드(NEW),박훈정,['최민식'],"['정만식', '김상호', '성유빈', '오스기렌', '정석원', '김홍파', '라미란', '이나라', '현승민', '우정국', '박인수', '유재명']",,['사나이픽처스'], 사극 ,사극,2015
305,306,제보자,2014.10.2,"13,515,762,802",1755181,676,플러스엠 엔터테인먼트,임순례,"['박해일', '유연석', '이경영']","['박원상', '류현경', '송하윤', '김강현', '김수안', '김중기', '이봉규', '이승준', '김경란', '남명렬', '박성근']","['김원해', '장광', '김영재', '황정민', '한기중', '이미도', '최용민', '권해효']",['영화사수박'], 드라마 ,드라마,2014
306,307,바람난 가족,2003.8.14,,1748258,32,영화사청어람,임상수,"['문소리', '황정민', '윤여정', '김인문', '남수진']","['봉태규', '백정림', '성지루']",['김여진'],['명필름'], 드라마 ,드라마,2003
307,308,거룩한 계보,2006.10.19,0,1744677,94,씨제이이엔엠,장진,"['정재영', '정준호']","['김상일', '주진모', '박용민', '김광현', '김규철', '김도희', '김성진', '임도영', '정용수', '이승영', '오창렬', '이영준', '이정', '장영남', '이철민', '이한위', '이해영', '이상훈']",['윤유선'],['시네마서비스글로벌']," 드라마, 액션 ",드라마,2006
308,309,전설의 주먹,2013.4.10,"12,777,314,500",1744585,724,씨제이이엔엠,강우석,"['황정민', '유준상', '이요원', '윤제문', '정웅인', '김태형']","['성지루', '지우', '박정민', '박진우', '서범식)', '강신일', '강성진', '김종수', '이정혁']",,['시네마서비스']," 드라마, 액션 ",드라마,2013
309,310,연애의 목적,2005.6.10,0,1735977,75,씨제이이엔엠,한재림,"['강혜정', '박해일', '이은숙']","['이대연', '박그리나', '이현정', '박준명']",,['싸이더스']," 드라마, 코미디, 멜로/로맨스 ",드라마,2005
310,311,엽기적인 그녀,2001.7.26,0,1735692,0,"이언픽쳐스,시네마서비스",곽재용,"['전지현', '차태현', '박승배', '이은정']","['한진희', '김인문', '김일우', '송옥숙', '조경훈']",['양금석'],['신씨네'], 코미디 ,코미디,2001
311,312,주먹이 운다(Crying Fist),2005.4.1,0,1728477,71,쇼이스트,류승완,"['최민식', '류승범']","['임원희', '변희봉', '나문희', '기주봉', '오달수', '서혜린', '김지훈']",['이도겸'],"['브라보엔터테인먼트', '시오필름']", 드라마 ,드라마,2005
312,313,러브픽션,2012.2.29,"13,200,412,500",1726202,617,넥스트엔터테인먼트월드(NEW),전계수,"['하정우', '공효진', '김재화']","['이병준', '지진희', '유인나', '조희봉', '조희봉']",,"['삼거리픽쳐스', '판타지오']"," 멜로/로맨스, 코미디 ",멜로/로맨스,2012
313,314,교섭,2023.1.18,"17,460,908,740",1721100,"1,289",플러스엠 엔터테인먼트,임순례,"['황정민', '현빈', '강기영']",,,"['영화사수박', '원테이크필름']", 드라마 ,드라마,2023
314,315,담보,2020.9.29,"14,749,476,550",1719592,"1,342",씨제이이엔엠,강대규,"['성동일', '하지원', '김희원']","['박소이', '김재화', '홍승희', '유태오', '유성주', '정인기', '진유영', '이재용', '박현숙', '유순웅', '차청화', '장명갑)', '김민주']",['나문희'],"['제이케이필름', '레드로버', '씨제이이엔엠', '영화사연']", 드라마 ,드라마,2020
315,316,평양성,2011.1.27,"12,684,530,500",1717566,451,롯데쇼핑㈜롯데엔터테인먼트,이준익,"['정진영', '이문식', '류승룡', '윤제문', '선우선', '이광수', '류담']","['신정근', '류승수', '강하늘', '정석용', '김민상', '조철현']","['이원종', '전원주', '박용우', '류승완', '김병만', '황정민']","['영화사아침', '타이거픽쳐스']"," 전쟁, 코미디, 드라마 ",전쟁,2011
316,317,파파로티,2013.3.14,"11,825,934,000",1716429,552,쇼박스,윤종찬,"['한석규', '이제훈']","['오달수', '조진웅', '강소라', '이재용', '배성우', '차종호', '성유빈', '이유준', '정민성', '이상훈', '오창경']",['김지석'],['케이엠컬쳐'], 드라마 ,드라마,2013
317,318,쎄시봉,2015.2.5,"13,570,381,911",1714803,829,씨제이이엔엠,김현석,"['김윤석', '정우', '한효주', '김희애', '진구', '장현성', '강하늘', '조복래', '김인권']","['이미소', '안재홍', '이대연', '권해효']",,"['유한회사 제이필름', '무브픽쳐스']"," 멜로/로맨스, 코미디, 드라마 ",멜로/로맨스,2015
318,319,밀양,2007.5.23,0,1710364,83,시네마서비스,이창동,"['전도연', '송강호']","['조영진', '김영재', '김종수', '오만석', '김미경', '김영선', '김미향', '이민호', '김혜정', '성종훈', '김명희', '조영숙', '박종섭', '조은진', '박현배', '조현아', '이동영', '강희원', '문성환', '김관규', '운기진', '최선화', '임광명', '박성도', '이혜영', '이유림', '이해미', '김미경', '이윤희']",,['파인하우스필름'], 드라마 ,드라마,2007
319,320,님은 먼 곳에,2008.7.24,"11,211,235,000",1706576,499,쇼박스,이준익,"['수애', '정진영', '정경호', '주진모', '신현탁']","['조미령', '이주실', '박윤호']",['신정근'],['타이거픽쳐스']," 드라마, 전쟁 ",드라마,2008
320,321,시민덕희,2024.1.24,"16,105,314,097",1705223,"1,272",쇼박스,박영주,"['라미란', '공명', '염혜란', '박병은', '장윤주', '이무생', '안은진']",,,"['씨제스엔터테인먼트 -', '페이지원필름']", 드라마 ,드라마,2024
321,322,품행제로,2002.12.26,0,1694637,29,영화사청어람,조근식,"['류승범', '공효진', '임은경']","['제이', '이동협', '윤선아', '박성빈']","['금보라', '류승수']",['케이엠컬쳐'], 코미디 ,코미디,2002
322,323,조폭마누라3,2006.12.28,0,1690465,71,쇼박스,조진규,"['이범수', '서기']",['조희봉'],,['쇼박스']," 액션, 코미디 ",액션,2006
323,324,불꽃처럼 나비처럼,2009.9.24,"12,447,633,504",1690294,437,쇼박스,김용균,"['조승우', '수애', '천호진', '김선화', '남현정', '이대현']","['최경원', '최재웅', '박민희', '고수희', '이용녀', '김영민']",['이상훈'],['싸이더스']," 멜로/로맨스, 사극 ",멜로/로맨스,2009
324,325,알포인트,2004.8.20,0,1689000,42,시네마서비스,공수창,"['감우성', '손병호', '박원상', '오태경', '김병철', '이동운']","['이선균', '손진호', '문영동', '정경호', '기주봉', '조현수']",,['씨앤필름'], 전쟁 ,전쟁,2004
325,326,피끓는 청춘,2014.1.22,"11,688,382,888",1676040,679,롯데쇼핑㈜롯데엔터테인먼트,이연우,"['박보영', '이종석', '이세영', '김영광']","['신현탁', '이은정', '김지혜', '김하경', '박정민', '라미란', '권해효', '김희원', '전수진', '이승근']",['김광규'],['담소필름']," 코미디, 멜로/로맨스, 드라마 ",코미디,2014
326,327,PMC: 더 벙커,2018.12.26,"14,024,838,424",1671548,"1,081",씨제이이엔엠,김병우,"['하정우', '이선균']","['제니퍼엘', '민무제', '강신철']",['신현빈'],['퍼펙트스톰필름'], 액션 ,액션,2018
327,328,공모자들,2012.8.29,"12,240,964,500",1646142,496,"씨너스엔터테인먼트,타임스토리그룹",김홍선,"['임창정', '최다니엘', '오달수', '조윤희', '정지윤']","['조달환', '최일화', '허준석', '윤상호']",['손종학'],['영화사채움']," 범죄, 스릴러 ",범죄,2012
328,329,그대를 사랑합니다,2011.2.17,"12,040,035,000",1645126,242,넥스트엔터테인먼트월드(NEW),추창민,"['이순재', '윤소정', '송재호', '김수미', '송지효', '오달수']","['박남희', '이상훈', '김비비']",['김향기'],"['세인트 폴 시네마', '그대사 엔터테인먼트', '인벤트스톤']", 드라마 ,드라마,2011
329,330,인질,2021.8.18,"15,585,244,870",1638439,"1,288",넥스트엔터테인먼트월드(NEW),필감성,"['황정민', '김재범', '이유미', '류경수', '정재원', '이규원', '이호정']","['조경현', '신현종', '백주희', '한규원', '지남혁', '류성현', '김재철', '임형태', '강덕중']",['박성웅'],"['외유내강', '샘컴퍼니']"," 액션, 스릴러 ",액션,2021
330,331,임금님의 사건수첩,2017.4.26,"12,648,793,723",1634403,"1,054",씨제이이엔엠,문현성,"['이선균', '안재홍']","['김희원', '주진모', '장영남', '경수진', '정해인', '조영진', '김응수']",['박정민'],"['영화사람', '씨제이이엔엠', '더타워픽쳐스']"," 코미디, 어드벤처, 액션 ",코미디,2017
331,332,고死 : 피의 중간고사,2008.8.7,"10,299,976,000",1634051,270,에스케이텔레콤,창,"['이범수', '남규리', '김범', '윤정희']","['권현상', '백하나', '이도현', '이얼', '공정환', '손여은']",,"['코어콘텐츠미디어', '워터앤트리']"," 공포(호러), 스릴러 ",공포(호러),2008
332,333,걸캅스,2019.5.9,"13,807,476,134",1628963,973,씨제이이엔엠,정다원,"['라미란', '이성경', '윤상현', '강문봉', '강성하', '이윤희']","['최수영', '염혜란', '위하준', '주우재', '강홍석', '김도완', '한수현', '조병규', '위하준', '안창환', '전석호']",['성동일'],['필름모멘텀']," 코미디, 액션 ",코미디,2019
333,334,두근두근 내 인생,2014.9.3,"12,291,081,634",1624601,629,씨제이이엔엠,이재용,"['송혜교', '강동원', '조성목']","['백일섭', '황석정', '허준석', '김소진', '채서진']",['서현'],['영화사 집'], 드라마 ,드라마,2014
334,335,권순분여사 납치사건,2007.9.12,0,1619190,86,시네마서비스,김상진,"['강성진', '유해진', '나문희', '백상열']","['김서현', '강경덕', '김홍택', '신승훈', '조영민', '백성기', '김기환', '유대현', '유용주', '이호철', '이은수', '최수영', '김진숙', '이준영', '박상면', '박준면']",['윤문식'],"['어나더썬데이', '감독의집']", 코미디 ,코미디,2007
335,336,우아한 거짓말,2014.3.13,"11,727,360,300",1618988,555,CGV아트하우스,이한,"['김희애', '고아성', '김유정', '김향기', '유아인']","['강다영', '박지영', '이재구', '김민아', '김지훈', '김정영', '박수영', '천우희', '한이진']",,"['유비유필름', '무비락']", 드라마 ,드라마,2014
336,337,무방비도시,2008.1.10,"10,591,349,944",1613728,336,씨제이이엔엠,이상기,"['김명민', '손예진', '김해숙', '김철준', '김기천']","['김준배', '김정태', '홍의정', '김병옥', '박종희', '심민섭', '박찬형', '황혜영', '최동현', '이상하', '유재영', '박병렬', '장지용', '윤유선', '오정미', '이규환', '김영덕', '김영두', '이창영', '박길수', '조상건', '지대한', '손병호']","['박성웅)', '이얼']","['유비유필름', '무비락']"," 범죄, 액션 ",범죄,2008
337,338,하울링,2012.2.16,"11,765,293,500",1612554,550,씨제이이엔엠,유하,"['송강호', '이나영']","['이태리', '임현성', '정진', '신정근', '이민아', '조영진', '남보라', '권태원', '박선우', '정민성']",,['오퍼스픽쳐스']," 범죄, 드라마 ",범죄,2012
338,339,복면달호,2007.2.14,0,1611192,64,㈜스튜디오이쩜영,김상찬,"['차태현', '임채무', '이소연']","['정석용', '이병준', '조영호', '조용준', '박선우', '박영서']",['김기현'],"['인앤인픽쳐스', '스튜디오이쩜영']"," 코미디, 드라마 ",코미디,2007
339,340,사자,2019.7.31,"12,917,306,145",1609737,"1,405",롯데컬처웍스롯데엔터테인먼트,김주환,"['박서준', '안성기', '우도환', '김근영', '손우진', '최성아', '배한용']","['박지현', '정지훈', '이승희', '심희섭', '이찬유', '김시은', '김선민', '정의순', '김범수', '박재홍', '차시원', '류경수', '서정연', '박재홍', '최지민']","['이승준', '최우식', '박진주']",['키이스트']," 미스터리, 액션, 판타지, 공포(호러) ",미스터리,2019
340,341,신라의 달밤,2001.6.23,0,1608211,0,시네마서비스,김상진,"['김혜수', '이성재', '차승원', '유해진']","['김영준', '성지루', '이원종', '조상건', '이종수']",['강성진'],"['좋은영화', '좋은영화']", 코미디 ,코미디,2001
341,342,가문의 영광,2002.9.12,,1605775,45,시네마서비스,정흥순,"['김정은', '정준호', '유동근', '성지루', '박상욱', '김세영']","['박근형', '이서연']",,['태원엔터테인먼트'], 코미디 ,코미디,2002
342,343,창궐,2018.10.25,"13,275,772,490",1599290,"1,351",넥스트엔터테인먼트월드(NEW),김성훈,"['현빈', '장동건']","['조우진', '정만식', '이선빈', '김의성', '조달환', '박진우', '서지혜)', '한지은', '공정환', '박지아', '김승환', '허성태', '허준석']","['김태우)', '김주혁']","['리양필름', '영화사 이창']"," 사극, 액션 ",사극,2018
343,344,더 폰,2015.10.22,"12,309,164,568",1593694,794,넥스트엔터테인먼트월드(NEW),김봉주,"['손현주', '엄지원', '배성우']","['이철민', '노정의', '장인섭', '조달환', '황석정']",,['미스터로맨스']," 스릴러, 액션 ",스릴러,2015
344,345,성난황소,2018.11.22,"13,236,490,737",1593386,"1,010",쇼박스,김민호,"['마동석', '송지효', '김성오', '박지환', '이세영']","['장혁진', '박지훈', '김민재', '이성우', '정인기']",,"['주식회사 플러스미디어엔터테인먼트', '비에이엔터테인먼트']"," 범죄, 액션 ",범죄,2018
345,346,간 큰 가족,2005.6.9,0,1593038,75,쇼박스,조명남,"['감우성', '김수미', '김수로', '김도연', '성지루', '신이']",['이칸희'],,['두사부필름'], 코미디 ,코미디,2005
346,347,집으로...,2002.4.4,,1576943,32,"팝엔터테인먼트,씨제이이엔엠",이정향,"['유승호', '김을분', '동효희']",,,['튜브픽쳐스'], 드라마 ,드라마,2002
347,348,와일드 카드,2003.5.16,0,1571931,47,시네마서비스,김유진,"['양동근', '정진영', '기주봉', '이동규', '한채영', '김희찬']","['김규민', '김명국']",,"['씨앤필름', '유진이앤씨']", 범죄 ,범죄,2003
348,349,삼진그룹 영어토익반,2020.10.21,"13,985,885,870",1571774,"1,615",롯데컬처웍스롯데엔터테인먼트,이종필,"['고아성', '이솜', '박혜수']","['백현진', '조현철', '김종수', '김원해', '배해선', '데이비드맥기니스', '이성욱']",,['더램프'], 드라마 ,드라마,2020
349,350,무적자,2010.9.16,"11,816,488,677",1571432,416,씨제이이엔엠,송해성,"['주진모', '송승헌', '김강우', '조한선']","['이신성', '임형준', '이소희', '서태화', '김해곤']",,['핑거프린트']," 드라마, 액션 ",드라마,2010
350,351,원스어폰어타임,2008.1.31,"10,180,143,111",1562486,315,(유)씨에이치엔터테인먼트,정용기,"['박용우', '이보영']","['김수현', '성동일', '김응수', '안길강', '조희봉', '강규영']",['김명수'],['윈엔터테인먼트']," 액션, 코미디 ",액션,2008
351,352,야수와 미녀,2005.10.27,0,1561282,54,쇼박스,이계벽,"['류승범', '신민아']","['김강우', '손정민', '송민석', '함은정', '안길강']",,['시오필름'], 코미디 ,코미디,2005
352,353,도어락,2018.12.5,"12,803,157,486",1561258,954,플러스엠 엔터테인먼트,이권,"['공효진', '김성오']","['김예원', '조복래', '이가섭', '이천희']",,['영화사피어나']," 스릴러, 드라마 ",스릴러,2018
353,354,마파도2,2007.1.18,0,1560297,66,씨제이이엔엠,이상훈,"['김수미', '김영찬', '여운계', '이문식', '김지영', '이규한', '길해연']","['이유진', '김누리', '이철민']",['주현'],['코리아 엔터테인먼트'], 코미디 ,코미디,2007
354,355,용의자X,2012.10.18,"11,241,013,000",1552055,553,씨제이이엔엠,방은진,"['류승범', '이요원', '조진웅']","['김윤성', '김보라', '이석준', '임성민', '곽민호', '권해효', '남문철']","['명계남', '송영창']","['케이앤엔터테인먼트', '씨제이이엔엠']", 미스터리 ,미스터리,2012
355,356,도굴,2020.11.4,"13,960,989,670",1545281,"1,635",씨제이이엔엠,박정배,"['이제훈', '조우진', '신혜선', '임원희']",,,['싸이런픽쳐스'], 범죄 ,범죄,2020
356,357,클래식,2003.1.30,,1545107,49,시네마서비스,곽재용,"['손예진', '조승우', '조인성', '이성훈']","['이기우', '서영희', '이승철']",,['에그필름'], 드라마 ,드라마,2003
357,358,해바라기,2006.11.23,0,1543429,64,쇼박스,강석범,"['김래원', '김해숙', '허이재']","['김정태', '이준원', '한정수', '박성웅', '김병옥', '지대한']","['정은표', '박은혜']",['아이비젼엔터테인먼트']," 액션, 드라마, 가족, 범죄 ",액션,2006
358,359,외계+인 1부,2022.7.20,"15,987,826,548",1538504,"1,959",씨제이이엔엠,최동훈,"['류준열', '김우빈', '김태리', '소지섭', '염정아', '조우진', '김의성', '이하늬']","['신정근', '이시훈', '김대명', '최유리', '김기천', '윤병희', '지건우', '윤경호', '옥자연', '이현걸']","['김해숙', '유재명', '전여빈']",['케이퍼필름']," 액션, 판타지, SF ",액션,2022
359,360,정직한 후보,2020.2.12,"12,834,858,530",1535630,"1,187",넥스트엔터테인먼트월드(NEW),장유정,"['라미란', '김무열', '나문희', '윤경호', '장동주', '이서율']","['송영창', '온주완', '조한철', '손종학', '조수향', '윤세아', '김용림', '안세호', '김나윤', '고규필', '이도엽', '양나영', '주민찬', '김봉만', '우미화', '전진오']",['오만석'],"['수필름', '홍필름']", 코미디 ,코미디,2020
360,361,유감스러운 도시,2009.1.22,"10,300,187,478",1534911,375,씨제이이엔엠,김동원,"['정준호', '정웅인', '정운택', '김상중', '박상민']","['최경원', '노승범', '김홍식', '홍광석', '김형운', '박용기', '박유현', '이상민', '나현주', '김범석', '배경남', '김병용', '김대희', '정구영', '장현범', '이지인', '유준석', '윤승남', '정경훈', '이승우', '한고은', '강성필']","['지대한', '손지나', '전미선']",['주머니이엔티']," 코미디, 액션, 범죄 ",코미디,2009
361,362,작전,2009.2.12,"10,198,304,795",1534407,393,쇼박스,이호재,"['박용하', '박희순', '김민정', '김무열', '조덕현']","['김준성', '신지희', '박재웅', '권형준', '조재윤', '신현종', '전국환', '유승목', '김승훈']",,['영화사비단길']," 범죄, 드라마, 스릴러 ",범죄,2009
362,363,S 다이어리,2004.10.22,0,1531840,58,"씨제이이엔엠,아이러브시네마",권종관,"['공유', '홍윤희', '최우혁', '이현우', '김수로', '김선화', '김선아']",,,['아이필름홀딩스'], 코미디 ,코미디,2004
363,364,중천,2006.12.21,0,1531220,87,씨제이이엔엠,조동오,"['정우성', '김태희']","['정욱', '김광일', '신제문', '소이현', '김민범', '백경순', '백동현', '오세윤', '장혁진', '박정학', '박상욱']",,['나비픽처스']," 액션, 드라마, 판타지 ",액션,2006
364,365,내사랑 싸가지,2004.1.16,0,1513000,33,시네마서비스,신동엽,"['김재원', '진태현', '하지원']","['김지훈', '한민', '강정호', '김상혁', '유현호', '최용준', '김용건', '김창완']",['임혁필'],"['제이웰엔터테인먼트', '포이보스']", 코미디 ,코미디,2004
365,366,퍼펙트 게임,2011.12.21,"11,220,408,500",1507084,413,롯데쇼핑㈜롯데엔터테인먼트,박희곤,"['조승우', '양동근', '최정원']","['임지훈', '김동희', '신준호', '조찬형', '차현우', '문용식', '최민철', '이선진', '이성수', '박수환', '김지만', '조진웅', '손병호', '공정환', '김영민', '박서준']","['신현종', '이병준', '최일화']","['동아수출공사 -', '밀리언 스토리', '다세포클럽']", 드라마 ,드라마,2011
366,367,리틀 포레스트,2018.2.28,"11,924,818,185",1505560,884,플러스엠 엔터테인먼트,임순례,"['김태리', '류준열', '문소리', '진기주']","['김호', '전국향', '장재희']",['정준원'],['영화사수박'], 드라마 ,드라마,2018
367,368,더 게임,2008.1.30,"9,869,346,557",1496214,339,,윤인호,"['변희봉', '손현주', '신하균', '이혜영', '김혁', '이은성']","['박유리', '신정근', '한재영']",,['프라임엔터테인먼트'], 스릴러 ,스릴러,2008
368,369,부라더,2017.11.2,"11,783,109,998",1492903,889,플러스엠 엔터테인먼트,장유정,"['마동석', '이동휘', '이하늬']","['허성태', '송상은']","['서현철', '김강현']","['홍필름', '수필름']", 코미디 ,코미디,2017
369,370,B형 남자친구,2005.2.3,0,1485454,47,롯데쇼핑㈜롯데엔터테인먼트,최석원,"['이동건', '한지혜']","['김꽃비', '강기화', '최석주', '신이']",['김해곤'],['시네마제니스'], 코미디 ,코미디,2005
370,371,나의 특별한 형제,2019.5.1,"12,081,618,074",1478156,936,넥스트엔터테인먼트월드(NEW),육상효,"['신하균', '이광수', '이솜']","['박철민', '권해효', '길해연', '고봉구', '김경남', '김민석', '안지호', '우지현', '우지현', '김현빈', '윤정로', '김중기']",['김기천'],"['명필름', '조이래빗']"," 드라마, 코미디 ",드라마,2019
371,372,해무(海霧),2014.8.13,"11,706,502,519",1475472,584,넥스트엔터테인먼트월드(NEW),심성보,"['김윤석', '박유천', '한예리', '이희준', '문성근', '김상호', '유승목']","['기주봉', '권병길', '예수정', '염혜란', '정인기', '김영웅']","['윤제문', '조덕제']","['해무', '루이스 픽쳐스']", 드라마 ,드라마,2014
372,373,차이나타운,2015.4.29,"11,989,400,678",1472006,551,CGV아트하우스,한준희,"['김혜수', '김고은']","['엄태구', '박보검', '고경표', '이수경', '조현철']",['기주봉'],['폴룩스픽쳐스']," 범죄, 드라마 ",범죄,2015
373,374,스윙키즈,2018.12.19,"12,081,264,892",1471247,984,넥스트엔터테인먼트월드(NEW),강형철,"['도경수', '박혜수', '자레드그라임스', '오정세', '김민호']","['김은주', '송재룡', '주해은', '박진주', '박형수', '이규성']",,['안나푸르나필름'], 드라마 ,드라마,2018
374,375,잠,2023.9.6,"13,894,258,933",1470359,"1,231",롯데컬처웍스롯데엔터테인먼트,유재선,"['정유미', '이선균']","['김금순', '이동찬']","['김국희', '이경진', '윤경호']",['루이스 픽쳐스'], 미스터리 ,미스터리,2023
375,376,홀리데이,2006.1.19,0,1458896,42,롯데쇼핑㈜롯데엔터테인먼트,양윤호,"['이성재', '최민수']","['서경화', '김동현', '문영동', '차유경', '이얼', '이봉규', '장세진']",,['현진씨네마']," 드라마, 스릴러, 범죄 ",드라마,2006
376,377,각설탕,2006.8.10,0,1446820,65,씨제이이엔엠,이환경,"['임수정', '김유정', '박길수', '정경호']","['박은수', '김광규', '허재영', '신형철', '박태종', '배정윤', '양희진', '이태용', '이준철', '오태경', '김상호', '권병길', '김기천']",['유오성'],['싸이더스'], 드라마 ,드라마,2006
377,378,인간중독,2014.5.14,"11,284,787,400",1441964,682,넥스트엔터테인먼트월드(NEW),김대우,"['송승헌', '임지연', '설유진', '조여정', '온주완', '유해진']","['김정현', '전혜진', '배성우', '손지나', '송지인', '예수정']",['이승준'],['아이언팩키지']," 멜로/로맨스, 드라마 ",멜로/로맨스,2014
378,379,궁녀,2007.10.18,0,1438531,83,시네마서비스,김미정,"['박진희', '윤세아', '김윤아', '류정아', '임정은', '서영희']","['김남진', '김미경', '김현아', '김유라', '정예지', '박정민', '김은서', '박소희', '정재근', '유지연']",,['영화사아침']," 미스터리, 스릴러 ",미스터리,2007
379,380,주홍글씨,2004.10.29,0,1437549,76,쇼박스,변혁,"['성현아', '한석규', '이은주', '엄지원']",['정인기'],['김중기'],['엘제이필름']," 스릴러, 멜로/로맨스 ",스릴러,2004
380,381,탐정 홍길동: 사라진 마을,2016.5.4,"11,514,389,845",1430666,764,씨제이이엔엠,조성희,"['이제훈', '김성균']","['박근형', '정성화', '고아라', '노정의', '김하나', '유승목', '김하나', '이민웅']",,['영화사비단길']," 드라마, 액션 ",드라마,2016
381,382,외계+인 2부,2024.1.10,"13,792,326,337",1430121,"1,390",씨제이이엔엠,최동훈,"['류준열', '김태리', '김우빈', '이하늬', '염정아', '조우진', '김의성', '진선규']","['신정근', '윤경호', '이시훈']",,['케이퍼필름'], 기타 ,기타,2024
382,383,보이스,2021.9.15,"14,025,546,720",1426357,"1,296",씨제이이엔엠,김선,"['변요한', '김무열', '김희원', '박명훈']","['이주영', '조재윤', '이규성', '이운산']","['원진아', '최병모', '손종학', '민성욱', '손병호', '기주봉', '차순배']",['수필름']," 범죄, 액션 ",범죄,2021
383,384,런닝맨,2013.4.4,"10,060,239,500",1422844,567,이십세기폭스코리아,조동오,"['신하균', '이태리', '김상호', '조은지', '오정세']","['주현', '김의성', '정석용', '남경읍', '김태훈']",['박상욱'],"['크리픽쳐스', '이십세기폭스 인터내셔널 프로덕션 20']"," 액션, 코미디 ",액션,2013
384,385,조폭마누라,2001.9.27,0,1419972,0,,조진규,"['신은경', '안재모', '권용운', '최은주']","['박상면', '안성민', '방성민']",['안석환'],['현진씨네마'], 코미디 ,코미디,2001
385,386,검은 집,2007.6.21,0,1408882,71,씨제이이엔엠,신태라,"['황정민', '유선', '강신일']","['김혜정', '유승목', '정인기']",,"['씨제이이엔엠', '가도카와헤럴드픽쳐스']"," 스릴러, 미스터리, 공포(호러) ",스릴러,2007
386,387,구르믈 버서난 달처럼,2010.4.28,"10,408,565,262",1407681,509,에스케이텔레콤,이준익,"['황정민', '차승원', '한지혜', '백성현']","['송영창', '신정근', '이해영', '김창완', '박윤호']","['김보연', '김상호']","['영화사아침', '타이거픽쳐스']"," 사극, 액션 ",사극,2010
387,388,허브,2007.1.11,0,1406199,57,쇼박스,허인무,"['강혜정', '정경호', '배종옥']","['이미영', '이영유', '이원종']",,['케이엠컬쳐'], 드라마 ,드라마,2007
388,389,똥개,2003.7.16,0,1394000,39,쇼이스트,곽경택,"['정우성', '엄지원', '김명진', '김정태']","['허욱', '이태준', '김상호', '천명재']",,['진인사필름'], 드라마 ,드라마,2003
389,390,달짝지근해: 7510,2023.8.15,"13,445,519,901",1388309,884,마인드마크,이한,"['유해진', '김희선', '차인표', '진선규', '한선화', '정다은']","['이준혁', '이지훈', '윤병희', '김서현', '김기천', '현봉식', '기소유', '이동용', '최교식', '이승훈', '임승범', '안주리']","['정우성', '염혜란', '임시완', '고아성', '우현', '이호철']",['무비락'], 코미디 ,코미디,2023
390,391,기억의 밤,2017.11.29,"10,652,346,660",1387599,751,"플러스엠 엔터테인먼트,주식회사 키위컴퍼니",장항준,"['강하늘', '김무열', '문성근', '나영희']","['남명렬', '이나라']",,['비에이엔터테인먼트']," 미스터리, 스릴러 ",미스터리,2017
391,392,골든슬럼버,2018.2.14,"11,412,768,798",1387508,833,씨제이이엔엠,노동석,"['강동원', '김의성', '한효주', '김성균', '김대명', '박다은']","['유재명', '김재영', '조영진', '김건']","['윤계상', '김유정']",['영화사 집']," 범죄, 드라마 ",범죄,2018
392,393,역도산,2004.12.15,0,1386179,70,씨제이이엔엠,송해성,"['설경구', '이명수']",,,"['싸이더스', '싸이더스픽쳐스']", 드라마 ,드라마,2004
393,394,브이아이피,2017.8.23,"10,956,621,835",1373316,996,워너브러더스 코리아,박훈정,"['장동건', '김명민', '박희순', '이종석']","['오대환', '유재명']",,"['영화사 금월', '페퍼민트앤컴퍼니']"," 범죄, 드라마 ",범죄,2017
394,395,분홍신,2005.6.30,0,1371122,54,쇼박스,김용균,"['김혜수', '박선혜', '이용녀']","['김성수', '박연아', '송보경', '고수희']",['이얼'],"['청년필름', '씨네클릭 아시아팬텀', '아이앤코스모스시네와이즈필름']", 공포(호러) ,공포(호러),2005
395,396,특별시민,2017.4.26,"10,494,768,945",1362634,"1,154",쇼박스,박인제,"['최민식', '곽도원', '심은경', '문소리', '라미란', '류혜영', '이기홍']","['진선규', '이수경', '서이숙', '강신철', '이윤희']",['이주연'],['팔레트픽처스'], 드라마 ,드라마,2017
396,397,차형사,2012.5.30,"9,752,555,296",1346754,433,씨제이이엔엠,신태라,"['강지환', '성유리', '이수혁', '김영광', '신민철']","['신정근', '박정학', '이희준', '라미란', '박보검', '주영호', '미람', '손병욱']",['김우빈'],['썸머트리 주식회사']," 코미디, 액션 ",코미디,2012
397,398,은교,2012.4.25,"9,917,728,000",1346274,521,롯데쇼핑㈜롯데엔터테인먼트,정지우,"['박해일', '김무열', '김고은']",['정만식'],,"['정지우 필름', '렛츠필름 ’']", 멜로/로맨스 ,멜로/로맨스,2012
398,399,궁합,2018.2.28,"10,478,875,438",1340117,966,씨제이이엔엠,홍창표,"['심은경', '이승기']","['김상경', '연우진', '강민혁', '최우식', '조복래', '박선영', '강현우', '김서현', '조수향']","['윤유선', '최민호']",['주피터필름']," 코미디, 드라마 ",코미디,2018
399,400,해적: 도깨비 깃발,2022.1.26,"12,523,963,990",1339242,"1,708",롯데컬처웍스롯데엔터테인먼트,김정훈,"['강하늘', '한효주', '이광수', '권상우']","['채수빈', '오세훈', '김성오', '박지환']",,"['어뉴', '오스카10스튜디오']"," 어드벤처, 액션, 코미디 ",어드벤처,2022
400,401,미스터 고,2013.7.17,"9,337,990,000",1328890,840,쇼박스,김용화,"['서교', '성동일']","['김예원', '조재윤', '변희봉', '김인우', '김희원', '김고은', '이양희', '김응수', '김기천']",['김성주'],"['덱스터필름', '광대무변', '컨텐츠아이']"," 코미디, 드라마 ",코미디,2013
401,402,청담보살,2009.11.11,"9,687,687,439",1321005,404,넥스트엔터테인먼트월드(NEW),김진영,"['임창정', '박예진']","['이준혁', '박미선', '서영희', '양택조', '박효주', '김희원']","['이철민', '길해연']",['전망좋은 영화사']," 멜로/로맨스, 코미디 ",멜로/로맨스,2009
402,403,사라진 밤,2018.3.7,"10,697,981,316",1315726,925,키다리이엔티,이창희,"['김상경', '김강우', '김희애']","['서현우', '이민지', '이지훈', '최윤석']","['김지영', '경수진']","['싸이더스', '엠씨엠씨', '더블앤조이픽쳐스']", 스릴러 ,스릴러,2018
403,404,싸움의 기술,2006.1.5,0,1313727,54,씨제이이엔엠,신한솔,"['백윤식', '재희', '이동진']","['김응수', '최여진', '권병길', '박기웅', '손병욱']","['길해연', '조상건', '조성하']",['코리아 엔터테인먼트'], 코미디 ,코미디,2006
404,405,간첩,2012.9.20,"9,316,548,500",1310895,576,롯데쇼핑㈜롯데엔터테인먼트,우민호,"['김명민', '염정아', '유해진', '변희봉', '정겨운']","['정만식', '이승호', '오나라', '천보근', '박진우']","['김민재', '오광록']",['영화사울림']," 드라마, 코미디, 액션 ",드라마,2012
405,406,영화는 영화다,2008.9.11,"8,943,849,000",1307688,326,㈜스튜디오이쩜영,장훈,"['소지섭', '강지환', '김태웅']","['홍수현', '고창석', '허태희', '송용태', '한기중']",,"['김기덕 필름', '염화미소']"," 액션, 드라마, 범죄 ",액션,2008
406,407,장산범,2017.8.17,"10,341,783,083",1306438,711,넥스트엔터테인먼트월드(NEW),허정,"['염정아', '박혁권']","['허진', '신린아', '방유설', '이준혁', '이주원', '노수산나']",['김수안'],['드림캡쳐']," 미스터리, 스릴러 ",미스터리,2017
407,408,만남의 광장,2007.8.15,0,1306434,52,쇼박스,김종진,"['임창정', '박진희', '김수미', '류승범', '최우혁', '최무인']","['심원철', '박경순', '이한위']",['김광규'],['씨와이필름'], 코미디 ,코미디,2007
408,409,못말리는 결혼,2007.5.10,0,1304431,70,롯데쇼핑㈜롯데엔터테인먼트,김성욱,"['김수미', '김애경', '유진', '하석진', '임채무', '임채무']","['윤다훈', '성은']",,"['컬처캡미디어', '엠넷미디어']", 코미디 ,코미디,2007
409,410,최강로맨스,2007.1.25,0,1299274,51,쇼박스,김정우,"['이동욱', '현영']","['이도겸', '주석태']",['이미은'],"['더드림앤드픽쳐스', '디알엠엔터테인먼트']"," 멜로/로맨스, 코미디 ",멜로/로맨스,2007
410,411,킹콩을 들다,2009.7.1,"8,597,263,166",1277800,411,넥스트엔터테인먼트월드(NEW),박건용,"['이범수', '조안']","['김민영', '이범석', '우현', '최희서']","['변희봉', '신정근', '기주봉']","['알지엔터웍스', '씨엘엔터테인먼트']", 드라마 ,드라마,2009
411,412,"달마야, 서울 가자",2004.7.9,0,1272000,54,시네마서비스,육상효,"['김지영', '신현준', '유해진', '이성호', '정진영', '이원종']","['신정근', '염동헌', '박윤호']",,"['타이거픽쳐스', '씨네월드']", 코미디 ,코미디,2004
412,413,달콤한 인생,2005.4.1,0,1271595,82,씨제이이엔엠,김지운,"['이병헌', '김영철', '신민아']","['김뢰하', '이기영', '정유미', '손정민']","['황정민', '문정혁']",['영화사봄'], 액션 ,액션,2005
413,414,클로젯,2020.2.5,"10,971,962,280",1270835,"1,197",씨제이이엔엠,김광빈,"['하정우', '김남길', '허율', '김시아']","['신현빈', '김수진', '박지아', '임현성', '강신철']",['박성웅'],"['영화사 월광', '퍼펙트스톰필름']"," 미스터리, 드라마 ",미스터리,2020
414,415,황진이,2007.6.6,0,1270644,106,시네마서비스,장윤현,"['송혜교', '유지태', '윤여정', '김병철', '김유정', '이광희', '윤영민']","['류승룡', '정유미', '김응수', '김현아', '허지원', '김명철', '최재욱', '박철호', '조원일', '심온', '박철호', '김석기', '유연수', '장문정', '윤지혜', '박성일', '오영두', '이다경', '조승연', '김호연', '김부선', '오태경', '예수정']",['권태원'],"['씨네이천   2000', '씨즈엔터테인먼트']"," 드라마, 멜로/로맨스 ",드라마,2007
415,416,이장과 군수,2007.3.29,0,1269142,65,씨제이이엔엠,장규성,"['차승원', '유해진', '최정원']","['김응수', '강귀호', '남일우', '변희봉', '전원주']","['이원종', '염정아']",['싸이더스'], 코미디 ,코미디,2007
416,417,즐거운 인생,2007.9.13,0,1263835,82,씨제이이엔엠,이준익,"['김상호', '김윤석', '주진모', '장근석', '정진영', '김호정']","['조성구', '홍인기', '노브레인', '정성미)', '이정연)', '정민성']",['신정근'],['영화사아침'], 드라마 ,드라마,2007
417,418,미스터 소크라테스,2005.11.10,0,1261965,52,롯데쇼핑㈜롯데엔터테인먼트,최진원,"['김래원', '강신일', '이종혁', '윤태영']","['박성웅', '정욱', '윤서현']",,"['커리지필름', '오죤필름']", 액션 ,액션,2005
418,419,브로커,2022.6.8,"12,586,786,030",1261131,"1,594",씨제이이엔엠,고레에다 히로카즈,"['송강호', '강동원', '배두나', '이지은', '이주영', '윤슬']","['임승수', '박지용', '김선영', '이무생', '이동휘', '김새벽', '백현진', '오희준', '류경수', '종호', '성유빈', '박강섭']","['송새벽', '박해준']",['영화사 집'], 드라마 ,드라마,2022
419,420,달마야 놀자,2001.11.8,0,1253075,0,,박철관,"['박신양', '정진영', '박상면']","['이원종', '김인문', '강성진', '김수로', '홍경인', '이문식', '류승수']",,['씨네월드'], 코미디 ,코미디,2001
420,421,간기남,2012.4.11,"9,356,404,500",1246185,356,쇼박스,김형준,"['박희순', '박시연', '주상욱', '김정태', '이한위', '이광수', '박희순']","['차수연', '신현탁', '김윤성', '김경룡']",,"['트로피엔터테인먼트', '더드림앤드픽쳐스']"," 코미디, 스릴러 ",코미디,2012
421,422,유열의 음악앨범,2019.8.28,"10,233,455,040",1245532,"1,078",CGV아트하우스,정지우,"['김고은', '정해인', '최강희']","['박해준', '김국희', '정유진', '최준영', '유열']",,"['무비락', '정지우 필름', '필름봉옥']"," 멜로/로맨스, 드라마 ",멜로/로맨스,2019
422,423,신부수업,2004.8.5,0,1242476,56,코리아픽쳐스,허인무,"['하지원', '권상우']","['김유나', '김선화', '김인권', '김인문', '김일우']",,['기획시대']," 드라마, 멜로/로맨스 ",드라마,2004
423,424,특별수사: 사형수의 편지,2016.6.16,"9,929,947,065",1241899,691,넥스트엔터테인먼트월드(NEW),권종관,"['김명민', '김상호', '성동일']","['김영애', '김향기', '김뢰하', '박수영', '박혁권', '최병모', '오민석', '이지훈', '박지환', '민진웅', '곽자형']","['신구', '이한위', '이문식', '김명국']",['콘텐츠케이']," 범죄, 드라마 ",범죄,2016
424,425,퍼펙트맨,2019.10.2,"10,311,352,770",1240022,894,쇼박스,용수,"['설경구', '조진웅', '허준호', '진선규', '김사랑']","['지승현', '이호철', '윤상화', '김준희']","['박보경', '박진우', '이유준', '김민석']","['맨필름', '쇼박스']"," 코미디, 드라마 ",코미디,2019
425,426,행복,2007.10.3,0,1239789,89,쇼박스,허진호,"['황정민', '임수정', '공효진', '조용준']","['유승목', '김기천']","['박인환', '신신애']","['라이필름', '영화사 집']"," 드라마, 멜로/로맨스 ",드라마,2007
426,427,육혈포 강도단,2010.3.18,"8,784,927,671",1233582,319,롯데쇼핑㈜롯데엔터테인먼트,강효진,"['나문희', '김수미', '김혜옥', '임창정', '장원영']","['김희원', '김광규', '강경헌', '라미란', '염동헌']",['서승원'],['전망좋은 영화사']," 코미디, 드라마, 액션 ",코미디,2010
427,428,천군,2005.7.15,0,1232992,58,쇼박스,민준기,"['박중훈', '황정민', '김승우', '공효진']","['최경원', '이동석', '김병춘', '김수현']",,['싸이더스'], 액션 ,액션,2005
428,429,텔미썸딩,1999.11.13,0,1230000,0,시네마서비스,장윤현,"['한석규', '심은하', '유준상', '염정아']","['안석환', '장항선']",,['쿠앤씨필름']," 스릴러, 미스터리 ",스릴러,1999
429,430,오케이 마담,2020.8.12,"10,979,887,910",1228685,"1,288",플러스엠 엔터테인먼트,이철하,"['엄정화', '박성웅', '이상윤', '배정남', '이선빈']","['정수빈', '유하준', '박지일', '김법래', '주석태', '최진호', '김병옥', '김혜은', '전수경', '박소리', '임현성', '이시원', '송치훈', '이정현']",['김종수'],"['영화사올', '사나이픽처스']"," 코미디, 액션 ",코미디,2020
430,431,심야의 F.M.,2010.10.14,"9,328,562,568",1228673,422,롯데쇼핑㈜롯데엔터테인먼트,김상만,"['수애', '유지태', '김윤태']","['김동협', '신다은', '최다연', '정만식']",['손지현'],"['주말의 명화', '홍필름']"," 스릴러, 범죄 ",스릴러,2010
431,432,두사부일체,2001.12.8,0,1228142,0,씨제이이엔엠,윤제균,"['정준호', '정웅인', '정운택', '송선미', '이영빈']","['오승은', '박준규', '강성필', '윤문식', '기주봉', '고명환', '김미화', '이현조', '박은실', '김순홍', '김효열', '이상섭', '박성훈', '임현진', '임유석', '김나영', '조수아', '권성환', '김태정', '이낙준', '박상현', '최진숙', '서장석', '박상욱']",,"['제니스엔터테인먼트', '필름지']", 코미디 ,코미디,2001
432,433,해치지않아,2020.1.15,"10,282,332,090",1224726,"1,216",에이스메이커무비웍스,손재곤,"['안재홍', '강소라', '박영규', '김성오', '전여빈', '박혁권', '김용각', '손지영']","['장승조', '서현우', '박형수', '김흥래', '김수진', '윤대열', '이현욱', '오재균']","['한예리', '김기천']","['디씨지플러스', '어바웃잇']", 코미디 ,코미디,2020
433,434,찌라시: 위험한 소문,2014.2.20,"9,111,648,087",1221420,560,씨제이이엔엠,김광식,"['김강우', '고창석', '박성웅', '정진영']","['이준혁', '이채은', '진선규', '김의성', '고원희', '우기홍']",['장광'],['영화사수박']," 범죄, 드라마 ",범죄,2014
434,435,결혼전야,2013.11.21,"8,444,337,719",1214836,524,씨너스엔터테인먼트,홍지영,"['김강우', '김효진', '주지훈', '이연희', '옥택연', '마동석', '구잘투르수노바', '이희준', '고준희']","['정민주', '오나라', '민성욱']","['김광규', '장광', '황정민', '이주실']",['수필름']," 멜로/로맨스, 코미디 ",멜로/로맨스,2013
435,436,깡철이,2013.10.2,"8,572,344,462",1209363,707,씨제이이엔엠,안권태,"['유아인', '김해숙', '정유미']","['김정태', '김성오', '이시언', '신정근', '김인우', '장태성']","['이도겸', '김현숙']","['시네마서비스', '더드림앤드픽쳐스', '팝콘필름']"," 드라마, 액션, 가족 ",드라마,2013
436,437,악녀,2017.6.8,"9,739,662,144",1208081,685,넥스트엔터테인먼트월드(NEW),정병길,"['김옥빈', '신하균', '성준', '김서형', '조은지']","['이승주', '정해균', '박철민', '손민지', '민예지', '김연우']",,['앞에있다'], 액션 ,액션,2017
437,438,인사동 스캔들,2009.4.29,"7,900,084,842",1206101,314,에스케이텔레콤,박희곤,"['김래원', '엄정화', '임하룡', '홍수현', '박영석', '박송해']","['김병옥', '오정세']","['이얼', '지대한', '손병호']",['쌈지']," 드라마, 범죄, 액션 ",드라마,2009
438,439,해빙,2017.3.1,"9,905,406,822",1204600,915,롯데쇼핑㈜롯데엔터테인먼트,이수연,"['조진웅', '신구', '김대명']","['송영창', '이청아', '윤세아', '이강재']",,"['위더스필름', '영화사불']", 스릴러 ,스릴러,2017
439,440,그녀를 믿지 마세요,2004.2.20,0,1204000,43,시네마서비스,배형준,"['강동원', '김하늘', '임하룡', '이안나']","['김용선', '진경', '김지영', '김은영', '송재호', '류태호', '이영은']",,['영화사시선'], 코미디 ,코미디,2004
440,441,형사 Duelist,2005.9.8,0,1203146,88,코리아픽쳐스,이명세,"['강동원', '안성기', '하지원', '장민']","['송영창', '윤주상']",['김보연'],['웰메이드엔터테인먼트']," 멜로/로맨스, 액션 ",멜로/로맨스,2005
441,442,시간이탈자,2016.4.13,"9,731,838,195",1202384,733,씨제이이엔엠,곽재용,"['임수정', '조정석', '이진욱']","['정진영', '이기우', '온주완', '전신환', '이태리', '신지수', '허정도']","['임예진', '정웅인', '박준규']","['씨제이이엔엠', '상상필름']", 스릴러 ,스릴러,2016
442,443,R2B: 리턴투베이스,2012.8.15,"8,602,921,371",1201944,539,씨제이이엔엠,김동원,"['정지훈', '유준상', '신세경', '김성수']","['이하나', '이종석', '정경호', '오달수', '정호빈', '박효준', '정한용', '최진호']","['조성하', '정석원']","['주머니필름', '빨간마후라', '씨제이이엔엠']"," 액션, 드라마 ",액션,2012
443,444,더 웹툰: 예고살인,2013.6.27,"8,534,322,070",1201033,541,씨제이이엔엠,김용균,"['이시영', '엄기준']","['문가영', '권해효', '김도영', '현우']",,"['필마픽쳐스', '라인필름', '씨제이이엔엠']"," 공포(호러), 스릴러 ",공포(호러),2013
444,445,생일,2019.4.3,"9,879,762,840",1196694,862,넥스트엔터테인먼트월드(NEW),이종언,"['설경구', '전도연', '신안진']","['김보민', '윤찬영', '박종환', '성유빈', '탕준상', '신문성', '이봉련', '김수진', '정종준', '박윤호', '김계선', '선욱현', '신운섭', '최현진', '윤영', '성경구', '김현']",['김민재'],"['나우필름', '영화사레드피터', '파인하우스필름']", 드라마 ,드라마,2019
445,446,짝패,2006.5.25,0,1196520,50,씨제이이엔엠,류승완,"['정두홍', '류승완', '이범수']","['김꽃비', '김동영', '박지환', '정희정', '조규철', '박대희', '정우', '김병옥', '조덕현', '정석용', '안길강', '김시후', '이주실', '김기천']",['김수현'],['외유내강'], 액션 ,액션,2006
446,447,바람 바람 바람,2018.4.5,"9,784,385,375",1194229,985,넥스트엔터테인먼트월드(NEW),이병헌,"['이성민', '신하균', '송지효', '이엘']","['장영남', '고준', '김건', '양현민']",,['하이브미디어코프'], 코미디 ,코미디,2018
447,448,파송송 계란탁,2005.2.18,0,1193150,48,씨제이이엔엠,오상훈,"['이인성', '최무인', '임창정', '최태춘']","['현경선', '김량진', '안희성', '김혜란)', '신용극', '김은자)', '황지애', '정필주', '박혜원', '임지혜', '한명식', '고영광', '기은아', '김가연', '사공회', '사공회', '류진화', '김경규', '이솔지', '김나미', '이주민', '오상훈', '오상훈', '이덕희', '이재명', '김우성', '이정청', '맹상훈', '엄수정']","['지대한', '심이영']",['굿플레이어'], 코미디 ,코미디,2005
448,449,몽정기2,2005.1.14,0,1188815,41,롯데쇼핑㈜롯데엔터테인먼트,정초신,"['이지훈', '전혜빈', '박슬기', '송은채']","['조경진', '이희원', '박길수']","['김지영', '박준규', '김해숙', '정동환']",['엠케이픽처스'], 코미디 ,코미디,2005
449,450,"힘을 내요, 미스터 리",2019.9.11,"9,930,518,906",1181960,990,넥스트엔터테인먼트월드(NEW),이계벽,"['차승원', '엄채영', '박해준', '정원중']","['김혜옥', '안길강', '전혜빈', '류한비', '조한철', '성지루', '김법래', '신현빈', '정준원', '정희태', '안민영', '지이수', '윤병희', '이승원', '오태경']",['이승엽'],"['용필름', '덱스터스튜디오']"," 코미디, 드라마 ",코미디,2019
450,451,빅매치,2014.11.27,"8,952,096,578",1177438,627,넥스트엔터테인먼트월드(NEW),최호,"['이정재', '신하균', '이성민', '보아']","['김의성', '손호준', '김종선', '배성우', '최우식', '김윤성']",['조덕제'],['보경사'], 액션 ,액션,2014
451,452,여선생 VS 여제자,2004.11.17,0,1175580,55,씨제이이엔엠,장규성,"['이지훈', '이세영', '염정아']","['이지영', '정형민', '최란', '변희봉']",['이원종'],['좋은영화'], 코미디 ,코미디,2004
452,453,서양 골동 양과자점 앤티크,2008.11.13,"7,367,880,833",1173310,451,"오퍼스픽쳐스(유),쇼박스",민규동,"['주지훈', '김재욱', '유아인', '최지호']","['탁트인', '이상하', '이휘향', '문희경', '김창완', '박준면', '이주실', '남명렬', '권태원']","['이영진', '조희봉']","['영화사 집', '수필름']", 드라마 ,드라마,2008
453,455,인생은 아름다워,2022.9.28,"10,898,590,019",1171648,"1,285",롯데컬처웍스롯데엔터테인먼트,최국희,"['류승룡', '염정아', '박세완', '옹성우']","['심달기', '하현상', '김다인']","['전무송', '박영규', '김혜옥', '신신애', '김종수', '고창석', '염혜란', '김선영', '류현경']",['더램프'], 뮤지컬 ,뮤지컬,2022
454,456,슬로우 비디오,2014.10.2,"8,913,092,219",1169562,618,이십세기폭스코리아,김영탁,"['차태현', '남상미']","['오달수', '고창석', '진경', '김강현', '최성원', '이준혁', '박명신', '이화겸', '김현']",['안길강'],"['이십세기폭스 인터내셔널 프로덕션 20', '영화사기쁜우리젊은날']"," 드라마, 코미디 ",드라마,2014
455,457,동주,2016.2.17,"8,870,143,589",1169335,499,플러스엠 엔터테인먼트,이준익,"['강하늘', '박정민']","['김인우', '최홍일', '김정팔', '최희서', '신윤주', '이선주', '민진웅']",['문성근'],['루스이소니도스'], 드라마 ,드라마,2016
456,458,"당신, 거기 있어줄래요",2016.12.14,"9,361,133,648",1168625,767,롯데쇼핑㈜롯데엔터테인먼트,홍지영,"['김윤석', '변요한', '채서진']","['김상호', '안세하', '박혜수', '김호정']","['김효진', '김성령', '정인기']",['수필름']," 판타지, 드라마 ",판타지,2016
457,459,돈의 맛,2012.5.17,"8,780,178,611",1166018,643,"시너지하우스 (시너지),롯데쇼핑㈜롯데엔터테인먼트",임상수,"['김강우', '백윤식', '윤여정', '김효진']","['온주완', '권병길', '황정민']","['김응수', '정원중']",['휠므빠말주식회사'], 드라마 ,드라마,2012
458,460,장수상회,2015.4.9,"8,729,412,643",1163575,688,씨제이이엔엠,강제규,"['박근형', '윤여정', '조진웅', '한지민', '윤여정']","['황우슬혜', '문가영', '찬열', '이준혁', '김재화', '남명렬']",,"['빅픽쳐', '씨제이이엔엠']"," 멜로/로맨스, 드라마 ",멜로/로맨스,2015
459,461,연애술사,2005.5.20,0,1163274,55,씨제이이엔엠,천세환,"['연정훈', '박진희']","['김용훈', '최은주', '박용식', '정혜정', '최성욱', '하동훈', '최원영']","['심형탁', '최여진']",['필름지']," 멜로/로맨스, 코미디 ",멜로/로맨스,2005
460,462,공공의 적,2002.1.24,,1161500,54,시네마서비스,강우석,"['설경구', '이성재']","['강신일', '안내상', '이문식', '성지루', '유해진', '조규성', '조용수', '김경은', '안석환']",,['시네마서비스']," 범죄, 액션 ",범죄,2002
461,463,가문의 영광5 - 가문의 귀환,2012.12.19,"8,330,342,500",1160021,447,롯데쇼핑㈜롯데엔터테인먼트,정용기,"['정준호', '김민정', '유동근', '성동일', '박근형', '박상욱', '윤두준', '황광희', '유민', '손나은', '유혜정', '왕석현']",['김도영'],['윤문식'],['태원엔터테인먼트'], 코미디 ,코미디,2012
462,464,항거:유관순 이야기,2019.2.27,"9,290,065,101",1157707,"1,094",롯데컬처웍스롯데엔터테인먼트,조민호,"['고아성', '김새벽', '정하담', '류경수', '신영주', '정하담']","['최무성)', '하성광', '김남진', '최미라', '이성원', '이수연', '김지성', '심태영', '최일순', '오지영)']",,['디씨지플러스'], 드라마 ,드라마,2019
463,465,미씽: 사라진 여자,2016.11.30,"8,881,616,256",1153109,790,플러스엠 엔터테인먼트,이언희,"['엄지원', '공효진']","['서하늬', '고준', '김선영', '이성욱', '박해준']",,['다이스필름'], 미스터리 ,미스터리,2016
464,466,용서는 없다,2010.1.7,"8,737,627,361",1144238,334,시네마서비스,김형준,"['설경구', '류승범', '한혜진', '김홍파']","['성지루', '박상욱', '이정우', '김혁', '강규환', '강승완', '남경읍', '이도겸']",,"['더드림앤드픽쳐스', '시네마서비스']"," 범죄, 스릴러 ",범죄,2010
465,467,"안녕, 형아",2005.5.27,0,1143136,45,시네마서비스,임태형,"['박원상', '최우혁', '배종옥', '박지빈']","['양현우', '강남미', '정혜숙', '손선아']",,"['더드림앤드픽쳐스', '시네마서비스']", 드라마 ,드라마,2005
466,468,고령화 가족,2013.5.9,"8,169,492,153",1141222,583,씨제이이엔엠,송해성,"['박해일', '윤제문', '공효진', '윤여정', '진지희']","['김영재', '이영진', '유승목', '박영서']",['이영진'],['인벤트스톤']," 드라마, 코미디 ",드라마,2013
467,469,장사리 : 잊혀진 영웅들,2019.9.25,"8,997,921,050",1140876,"1,090",워너브러더스 코리아,곽경택,"['김명민', '최민호', '김성철', '김인권', '곽시양', '봉명필']","['메간폭스', '조지이즈', '장지건', '이재욱', '이호정']",['동방우'],['태원엔터테인먼트'], 전쟁 ,전쟁,2019
468,470,김종욱 찾기,2010.12.8,"8,271,660,983",1130638,442,씨제이이엔엠,장유정,"['임수정', '공유']","['천호진', '이청아', '전수경', '류승수']","['신성록', '정규수', '정성화', '장영남', '오나라', '최일화', '김무열', '최지호', '원기준', '정준하', '오만석', '김동욱', '엄기준']",['수필름']," 멜로/로맨스, 드라마 ",멜로/로맨스,2010
469,471,하루,2017.6.15,"9,072,737,842",1129609,781,CGV아트하우스,조선호,"['김명민', '변요한', '유재명', '조은형', '신혜선']",,,['라인필름'], 스릴러 ,스릴러,2017
470,472,챔피언,2018.5.1,"9,471,138,230",1128774,874,워너브러더스 코리아,김용완,"['마동석', '권율', '한예리', '김미미', '이범규']","['김건', '양현민', '오창경']","['오승환', '김동현']",['코코너'], 드라마 ,드라마,2018
471,473,성난 변호사,2015.10.8,"8,723,650,039",1128288,607,씨제이이엔엠,허종호,"['이선균', '김고은', '임원희']","['장현성', '최재웅', '김윤혜', '홍성덕', '배유람', '박지영', '민진웅']",,"['씨제이이엔엠', '영화사 빛나는 제국', '우수영화사']"," 범죄, 액션 ",범죄,2015
472,474,드림,2023.4.26,"10,818,979,597",1128080,"1,285",플러스엠 엔터테인먼트,이병헌,"['박서준', '아이유']","['김종수', '고창석', '정승길', '이현우', '양현민', '홍완표', '허준석', '이하늬']",,"['옥토버시네마', '노브레이크필름']"," 코미디, 드라마 ",코미디,2023
473,475,6년째 연애중,2008.2.5,"7,460,438,000",1123294,327,스튜디오210,박현진,"['김하늘', '윤계상']","['차현정', '신성록', '김혜옥', '옥지영', '서동원']",['이대연'],['피카소필름']," 멜로/로맨스, 드라마 ",멜로/로맨스,2008
474,476,아랑,2006.6.28,0,1122399,46,롯데쇼핑㈜롯데엔터테인먼트,안상훈,"['송윤아', '이동욱']","['손승진', '이승주', '이승철', '정원중', '이종수']",,"['더드림앤드픽쳐스', '디알엠엔터테인먼트']", 공포(호러) ,공포(호러),2006
475,477,특수본,2011.11.24,"8,096,052,500",1118258,471,"시너지하우스 (시너지),롯데쇼핑㈜롯데엔터테인먼트",황병국,"['엄태웅', '주원', '정진영', '성동일', '이태임', '김정태', '최형준']","['조재윤', '최우형', '김영재', '이희준', '유승목', '정만식', '반민정', '염동헌']",,['영화사수박']," 액션, 범죄 ",액션,2011
476,478,회사원,2012.10.11,"8,321,175,000",1110523,549,쇼박스,임상윤,"['소지섭', '이미연']","['곽도원', '김동준', '이경영', '한보배', '서정주)', '박진우']",,"['영화사심미안', '쇼박스', '51k']"," 액션, 드라마 ",액션,2012
477,479,간신,2015.5.21,"8,946,842,910",1110246,697,롯데쇼핑㈜롯데엔터테인먼트,민규동,"['주지훈', '김강우', '천호진', '임지연', '이유영']","['송영창', '차지연', '기주봉', '장광', '류아벨', '전여빈', '박명신', '정인기', '손영희']","['서영주', '정만식', '민성욱', '김도영', '손수현', '고경표']",['수필름'], 사극 ,사극,2015
478,480,령,2004.6.17,0,1108769,35,쇼박스,김태경,"['김하늘', '류진', '남상미']","['신이', '이윤지', '전혜빈']","['김해숙', '기주봉']",['팝콘필름'], 공포(호러) ,공포(호러),2004
479,481,베스트셀러,2010.4.15,"8,110,824,681",1099665,317,시너지하우스 (시너지),이정호,['엄정화'],"['류승룡', '이도경', '박사랑', '최무성', '조진웅', '이성민', '오정세', '조희봉', '이원철']",,"['에코필름', '데이지엔터테인먼트']"," 미스터리, 스릴러, 드라마 ",미스터리,2010
480,482,지금 사랑하는 사람과 살고 있습니까?,2007.8.15,0,1095119,76,시네마서비스,정윤수,"['박용우', '한채영', '이동건', '엄정화']","['허은', '박인영', '심준보', '이현순', '이형숙']",,['씨네이천   2000']," 드라마, 멜로/로맨스 ",드라마,2007
481,483,롱 리브 더 킹: 목포 영웅,2019.6.19,"9,228,798,910",1094404,965,"플러스엠 엔터테인먼트,콘텐츠지오",강윤성,"['김래원', '원진아', '진선규', '최귀화', '주진모', '진선규', '황정인']","['최무성', '차엽', '유희제', '하수호', '최재환', '임형준', '홍기준']","['정원중', '마동석', '길해연', '윤계상', '금광산', '이용이']","['주식회사 몬스터컴퍼니', '비에이엔터테인먼트']"," 액션, 드라마 ",액션,2019
482,484,그때 그 사람들,2005.2.3,0,1083962,45,엠케이픽처스,임상수,"['한석규', '백윤식']","['송재호', '김응수', '조상건', '권병길', '정원중', '조은지', '김윤아', '김상호', '김윤아', '김현아', '김경목', '조민수', '이병선', '정종준']",,['엠케이픽처스']," 미스터리, 코미디 ",미스터리,2005
483,485,내 남자의 로맨스,2004.7.16,0,1083556,47,씨제이이엔엠,박제현,"['김상경', '김정은', '이광재']","['박동빈', '이유진', '신영미', '김희은', '안준우', '서광재', '박솔', '엄기욱', '최이영', '엄기욱']",,['메이필름'], 드라마 ,드라마,2004
484,486,오! 해피데이,2003.4.18,0,1073230,47,시네마서비스,윤학렬,"['장나라', '박정철', '김혁']","['김현우', '제니', '장항선', '김해숙', '정다혜', '정인기']",,['황기성 사단'], 코미디 ,코미디,2003
485,487,오빠생각,2016.1.21,"8,058,857,287",1069436,855,넥스트엔터테인먼트월드(NEW),이한,"['임시완', '고아성', '이희준']","['김현빈', '이준혁', '정준원', '이레', '김영재', '이건하', '탕준상', '박수영', '장준휘', '박지연', '김윤태']",['김향기'],['조이래빗']," 드라마, 전쟁 ",드라마,2016
486,488,새드무비,2005.10.20,0,1066765,87,"롯데쇼핑㈜롯데엔터테인먼트,아이러브시네마",권종관,"['신민아', '염정아', '임수정', '정우성', '차태현', '이기우']","['조성현', '조태현', '윤현진']",['안길강'],['아이필름홀딩스'], 드라마 ,드라마,2005
487,489,"날, 보러와요",2016.4.7,"8,836,039,063",1063421,683,플러스엠 엔터테인먼트,이철하,"['강예원', '이상윤', '최진호']","['지대한', '김종수', '이학주', '장태성', '유건']","['길해연', '조재윤']","['영화사올', '발렌타인필름']"," 미스터리, 스릴러 ",미스터리,2016
488,490,수상한 고객들,2011.4.14,"7,953,428,000",1059350,411,씨제이이엔엠,조진모,"['윤하', '류승범', '박철민', '정선경', '성동일']","['이지은', '서지혜']",['안길강'],['메이스엔터테인먼트']," 코미디, 드라마 ",코미디,2011
489,491,비공식작전,2023.8.2,"10,192,141,216",1058645,"1,151",쇼박스,김성훈,"['하정우', '주지훈']","['권은성', '임형국', '김응수', '김종수', '박혁권', '유승목', '한수현']","['최정우', '장소연']","['와인드업필름', '와이낫필름']", 드라마 ,드라마,2023
490,492,남극일기,2005.5.19,0,1057311,78,쇼박스,임필성,"['박희순', '유지태', '송강호', '윤제문']",['최덕문'],,"['미로비젼', '싸이더스픽쳐스']", 스릴러 ,스릴러,2005
491,493,동창생,2013.11.6,"7,010,197,126",1048280,660,쇼박스,박홍수,"['최승현', '한예리']","['윤제문', '조성하', '김유정', '동현배', '정호빈', '이주실', '이신성', '박지일']",['박성웅'],"['더램프', '황금물고기']"," 액션, 드라마 ",액션,2013
492,494,시크릿,2009.12.3,"7,979,591,607",1046787,397,씨제이이엔엠,윤재구,"['차승원', '송윤아', '류승룡', '김수남']","['박효주', '한아름', '천지윤', '박경소', '임기홍', '이엘', '김주석', '김준영', '이철민', '오정세', '예수정', '정인기', '최윤슬']",['최성민'],"['미로비젼', '싸이더스픽쳐스']"," 스릴러, 드라마, 미스터리 ",스릴러,2009
493,495,그놈이다,2015.10.28,"8,098,811,152",1046313,681,CGV아트하우스,윤준형,"['주원', '유해진', '이유영']","['류혜영', '서현우', '이준혁', '김민서', '장인섭', '손지나', '민성욱', '손성찬', '김영웅', '최유송', '남진복']",,"['상상필름', '브라더픽처스']", 스릴러 ,스릴러,2015
494,496,마음이...,2006.10.26,0,1042166,66,쇼박스,오달균,"['유승호', '김향기']","['김동영', '안길강']",,['화인웍스'], 드라마 ,드라마,2006
495,497,점박이:한반도의 공룡3D,2012.1.26,"9,621,468,000",1040636,457,씨제이이엔엠,한상호,"['이형석', '신용우', '구자형']",,,"['드림써치', '한국교육방송공사', '올리브스튜디오']"," 애니메이션, 어드벤처, 액션 ",애니메이션,2012
496,498,서편제,1993.4.10,0,1035741,16,,임권택,"['김규철', '최종원', '오정해', '김명곤']",['강선숙'],,"['드림써치', '한국교육방송공사', '올리브스튜디오']"," 드라마, 사극 ",드라마,1993
497,499,파괴된 사나이,2010.7.1,"7,820,538,614",1030285,190,시너지하우스 (시너지),우민호,"['김명민', '엄기준', '박주미', '김소현', '이경근']","['이병준', '최민서', '박수용', '이나경', '신현종', '최광일']",['김응수'],"['아이러브시네마', '아이필름홀딩스']"," 드라마, 스릴러 ",드라마,2010
498,500,오직 그대만,2011.10.20,"7,591,008,500",1027622,435,쇼박스,송일곤,"['소지섭', '한효주']","['강신일', '오광록', '최욱', '윤종화']","['조성하', '진구']","['51k', '에이치비엔터테인먼트']", 멜로/로맨스 ,멜로/로맨스,2011